record_id,Scorer Name,Goal Orientation,Engagement with Evidence,Collaborative Decision-Making,Strategic Planning,Cultural Responsiveness,Parent/Community Engagement,Academic Achievement,Candidate Experience/Expertise,Evaluation,School Culture Fit,call_number,prompt_name
208682,gpt-5,2,1,3,3,0,0,1,0,1,1,0,Testing Prompt: 0.01413903514145931
632387,gpt-5,2,2,3,2,0,0,0,0,0,0,0,Testing Prompt: 0.01413903514145931
588075,gpt-5,2,2,3,3,0,0,0,0,0,0,0,Testing Prompt: 0.01413903514145931
512243,gpt-5,2,2,3,2,0,0,0,0,0,0,0,Testing Prompt: 0.01413903514145931
219176,gpt-5,3,4,3,4,0,1,1,1,1,0,0,Testing Prompt: 0.01413903514145931
264344,gpt-5,4,4,3,4,0,0,1,0,0,0,0,Testing Prompt: 0.01413903514145931
217052,gpt-5,2,1,3,1,0,1,0,0,0,1,0,Testing Prompt: 0.01413903514145931
628747,gpt-5,2,1,3,2,0,0,0,0,0,0,0,Testing Prompt: 0.01413903514145931
257325,gpt-5,2,4,4,2,0,0,0,0,0,1,0,Testing Prompt: 0.01413903514145931
528543,gpt-5,4,4,1,4,0,0,0,0,0,1,0,Testing Prompt: 0.01413903514145931
218810,gpt-5,2,1,4,2,0,0,1,1,0,0,0,Testing Prompt: 0.01413903514145931
543094,gpt-5,3,4,4,2,0,0,1,0,0,1,0,Testing Prompt: 0.01413903514145931
543229,gpt-5,3,3,3,4,0,0,1,1,0,1,0,Testing Prompt: 0.01413903514145931
231173,gpt-5,4,4,4,4,0,1,1,0,1,1,0,Testing Prompt: 0.01413903514145931
706907,gpt-5,2,3,3,3,0,0,1,0,1,1,0,Testing Prompt: 0.01413903514145931
735055,gpt-5,3,4,3,3,0,0,0,0,1,1,0,Testing Prompt: 0.01413903514145931
248235,gpt-5,4,4,3,4,0,1,1,0,0,1,0,Testing Prompt: 0.01413903514145931
551252,gpt-5,2,2,4,2,0,1,1,1,1,1,0,Testing Prompt: 0.01413903514145931
700128,gpt-5,1,3,4,1,0,0,0,0,0,1,0,Testing Prompt: 0.01413903514145931
216965,gpt-5,3,4,1,3,0,1,0,0,0,1,0,Testing Prompt: 0.01413903514145931
550903,gpt-5,3,3,4,3,1,0,1,0,1,1,0,Testing Prompt: 0.01413903514145931
585389,gpt-5,2,1,3,2,0,0,0,0,1,0,0,Testing Prompt: 0.01413903514145931
545047,gpt-5,3,4,3,3,0,0,1,1,1,0,0,Testing Prompt: 0.01413903514145931
207845,gpt-5,3,4,3,2,1,0,0,1,0,0,0,Testing Prompt: 0.01413903514145931
529099,gpt-5,2,1,3,3,0,0,0,0,1,0,0,Testing Prompt: 0.01413903514145931
704786,gpt-5,3,4,1,3,0,0,1,1,1,0,0,Testing Prompt: 0.01413903514145931
534868,gpt-5,1,1,1,1,0,0,0,0,0,1,0,Testing Prompt: 0.01413903514145931
584423,gpt-5,2,3,4,2,0,0,0,0,0,1,0,Testing Prompt: 0.01413903514145931
575601,gpt-5,2,4,3,2,0,0,1,0,0,1,0,Testing Prompt: 0.01413903514145931
546578,gpt-5,2,2,1,2,0,0,1,0,0,1,0,Testing Prompt: 0.01413903514145931
172253,gpt-5,2,3,4,2,0,0,0,0,0,1,0,Testing Prompt: 0.01413903514145931
253693,gpt-5,2,1,4,3,0,0,0,0,1,0,0,Testing Prompt: 0.01413903514145931
511739,gpt-5,1,1,1,1,0,0,0,0,0,1,0,Testing Prompt: 0.01413903514145931
190056,gpt-5,2,1,3,2,1,0,0,0,0,0,0,Testing Prompt: 0.01413903514145931
274347,gpt-5,4,4,4,4,0,0,1,1,0,0,0,Testing Prompt: 0.01413903514145931
555531,gpt-5,2,1,1,2,0,0,0,0,0,0,0,Testing Prompt: 0.01413903514145931
607920,gpt-5,2,3,1,2,0,0,0,0,0,1,0,Testing Prompt: 0.01413903514145931
242085,gpt-5,3,2,1,3,0,0,1,1,0,0,0,Testing Prompt: 0.01413903514145931
601728,gpt-5,3,4,1,3,0,0,1,0,1,0,0,Testing Prompt: 0.01413903514145931
291285,gpt-5,4,4,3,4,0,0,1,1,1,1,0,Testing Prompt: 0.01413903514145931
200051,gpt-5,3,3,1,2,0,0,1,0,0,0,0,Testing Prompt: 0.01413903514145931
211179,gpt-5,2,1,1,2,0,0,0,1,0,0,0,Testing Prompt: 0.01413903514145931
242166,gpt-5,2,1,3,2,0,0,0,0,0,0,0,Testing Prompt: 0.01413903514145931
225577,gpt-5,3,3,4,4,0,0,0,0,1,0,0,Testing Prompt: 0.01413903514145931
580333,gpt-5,2,1,2,2,0,0,0,0,0,1,0,Testing Prompt: 0.01413903514145931
641013,gpt-5,3,2,3,3,0,0,0,0,1,1,0,Testing Prompt: 0.01413903514145931
561983,gpt-5,3,3,1,3,1,0,0,1,1,1,0,Testing Prompt: 0.01413903514145931
195235,gpt-5,3,2,3,2,0,0,1,0,0,0,0,Testing Prompt: 0.01413903514145931
211283,gpt-5,2,3,4,3,0,0,0,0,1,0,0,Testing Prompt: 0.01413903514145931
558582,gpt-5,2,1,3,2,0,0,0,0,0,0,0,Testing Prompt: 0.01413903514145931
240687,gpt-5,3,4,3,3,0,0,1,0,1,1,0,Testing Prompt: 0.01413903514145931
534553,gpt-5,3,3,1,3,0,0,1,1,0,0,0,Testing Prompt: 0.01413903514145931
257040,gpt-5,3,3,4,3,0,0,1,0,0,1,0,Testing Prompt: 0.01413903514145931
225581,gpt-5,4,4,4,4,1,0,1,0,1,1,0,Testing Prompt: 0.01413903514145931
530371,gpt-5,4,4,1,4,0,0,1,1,0,0,0,Testing Prompt: 0.01413903514145931
226773,gpt-5,3,3,3,3,0,0,0,0,0,1,0,Testing Prompt: 0.01413903514145931
293411,gpt-5,2,1,3,2,1,0,0,0,0,0,0,Testing Prompt: 0.01413903514145931
601747,gpt-5,1,1,1,1,0,0,0,0,0,0,0,Testing Prompt: 0.01413903514145931
704896,gpt-5,3,3,1,3,0,0,0,1,0,0,0,Testing Prompt: 0.01413903514145931
264478,gpt-5,2,2,4,3,0,0,0,0,0,1,0,Testing Prompt: 0.01413903514145931
591948,gpt-5,2,3,3,2,0,0,0,0,0,0,0,Testing Prompt: 0.01413903514145931
215179,gpt-5,2,1,3,2,0,0,0,0,1,1,0,Testing Prompt: 0.01413903514145931
586617,gpt-5,3,2,4,4,0,0,1,1,0,0,0,Testing Prompt: 0.01413903514145931
613126,gpt-5,4,4,3,3,0,0,1,0,0,1,0,Testing Prompt: 0.01413903514145931
557524,gpt-5,2,1,1,2,0,0,0,0,0,1,0,Testing Prompt: 0.01413903514145931
644531,gpt-5,3,3,3,3,0,0,1,1,0,1,0,Testing Prompt: 0.01413903514145931
264262,gpt-5,2,1,1,2,0,0,0,0,0,0,0,Testing Prompt: 0.01413903514145931
600997,gpt-5,4,4,1,4,0,0,1,1,1,1,0,Testing Prompt: 0.01413903514145931
524784,gpt-5,3,3,3,4,0,0,0,0,0,1,0,Testing Prompt: 0.01413903514145931
506571,gpt-5,3,4,3,4,0,0,1,1,0,0,0,Testing Prompt: 0.01413903514145931
564167,gpt-5,3,4,1,3,1,0,1,1,1,1,0,Testing Prompt: 0.01413903514145931
703584,gpt-5,2,1,1,2,0,0,1,0,0,1,0,Testing Prompt: 0.01413903514145931
167524,gpt-5,2,1,1,2,0,0,0,0,0,0,0,Testing Prompt: 0.01413903514145931
263864,gpt-5,3,3,1,4,0,0,0,0,0,1,0,Testing Prompt: 0.01413903514145931
263413,gpt-5,4,4,4,4,0,0,1,1,1,0,0,Testing Prompt: 0.01413903514145931
247482,gpt-5,2,4,4,3,0,0,1,1,1,1,0,Testing Prompt: 0.01413903514145931
249730,gpt-5,2,1,3,1,0,0,0,0,0,0,0,Testing Prompt: 0.01413903514145931
717614,gpt-5,2,1,3,2,0,0,0,0,0,0,0,Testing Prompt: 0.01413903514145931
207524,gpt-5,3,4,3,3,0,0,1,0,1,0,0,Testing Prompt: 0.01413903514145931
643006,gpt-5,3,3,3,4,0,0,1,0,0,1,0,Testing Prompt: 0.01413903514145931
503131,gpt-5,2,4,1,1,0,0,0,0,0,0,0,Testing Prompt: 0.01413903514145931
505194,gpt-5,2,2,3,3,0,0,0,0,0,0,0,Testing Prompt: 0.01413903514145931
247781,gpt-5,2,4,3,2,0,0,0,0,0,0,0,Testing Prompt: 0.01413903514145931
573597,gpt-5,3,3,1,4,0,0,1,0,1,1,0,Testing Prompt: 0.01413903514145931
248731,gpt-5,2,3,3,3,0,0,0,0,0,1,0,Testing Prompt: 0.01413903514145931
174997,gpt-5,2,1,3,2,0,0,0,0,0,0,0,Testing Prompt: 0.01413903514145931
613961,gpt-5,3,4,3,4,0,0,1,1,0,1,0,Testing Prompt: 0.01413903514145931
576254,gpt-5,2,3,1,3,0,0,0,0,0,0,0,Testing Prompt: 0.01413903514145931
546868,gpt-5,2,3,3,3,0,0,0,0,0,0,0,Testing Prompt: 0.01413903514145931
238025,gpt-5,4,4,1,4,0,0,1,0,0,0,0,Testing Prompt: 0.01413903514145931
529141,gpt-5,2,1,3,2,0,0,0,0,0,0,0,Testing Prompt: 0.01413903514145931
282284,gpt-5,2,2,3,1,0,0,0,0,0,1,0,Testing Prompt: 0.01413903514145931
225646,gpt-5,3,2,3,4,0,0,1,1,0,1,0,Testing Prompt: 0.01413903514145931
615578,gpt-5,4,4,3,4,1,0,1,1,1,1,0,Testing Prompt: 0.01413903514145931
184927,gpt-5,4,4,4,4,0,0,1,1,0,1,0,Testing Prompt: 0.01413903514145931
581720,gpt-5,4,4,3,4,1,0,1,0,0,1,0,Testing Prompt: 0.01413903514145931
600843,gpt-5,2,1,3,2,0,0,0,0,0,0,0,Testing Prompt: 0.01413903514145931
505173,gpt-5,2,1,4,3,0,0,0,1,1,1,0,Testing Prompt: 0.01413903514145931
561604,gpt-5,2,3,1,2,0,0,0,1,0,0,0,Testing Prompt: 0.01413903514145931
590085,gpt-5,3,4,1,4,0,0,1,1,1,0,0,Testing Prompt: 0.01413903514145931
232366,gpt-5,2,2,1,2,0,0,1,0,0,0,0,Testing Prompt: 0.01413903514145931
215108,gpt-5,3,3,3,4,0,0,1,1,1,1,0,Testing Prompt: 0.01413903514145931
630563,gpt-5,2,4,4,2,0,0,0,0,0,0,0,Testing Prompt: 0.01413903514145931
614816,gpt-5,2,2,4,3,0,0,0,0,1,0,0,Testing Prompt: 0.01413903514145931
188529,gpt-5,3,2,1,2,0,0,1,0,1,0,0,Testing Prompt: 0.01413903514145931
556668,gpt-5,2,2,4,3,0,0,1,0,1,1,0,Testing Prompt: 0.01413903514145931
217400,gpt-5,2,1,1,2,0,0,1,0,0,0,0,Testing Prompt: 0.01413903514145931
640700,gpt-5,4,4,1,4,0,0,1,1,0,0,0,Testing Prompt: 0.01413903514145931
244029,gpt-5,4,4,3,4,0,0,1,1,1,0,0,Testing Prompt: 0.01413903514145931
266177,gpt-5,2,1,4,2,0,0,0,0,0,1,0,Testing Prompt: 0.01413903514145931
525710,gpt-5,3,4,3,4,0,0,1,1,1,0,0,Testing Prompt: 0.01413903514145931
238271,gpt-5,3,3,4,4,0,0,1,0,0,1,0,Testing Prompt: 0.01413903514145931
248896,gpt-5,3,4,3,3,0,0,1,0,0,0,0,Testing Prompt: 0.01413903514145931
561604,gpt-5,2,2,1,2,0,0,0,1,0,0,1,Testing Prompt: 0.7309246869711041
506571,gpt-5,3,3,3,4,0,0,1,1,0,0,1,Testing Prompt: 0.7309246869711041
584423,gpt-5,2,2,4,1,0,0,0,0,0,1,1,Testing Prompt: 0.7309246869711041
586617,gpt-5,3,2,4,3,0,0,1,1,0,0,1,Testing Prompt: 0.7309246869711041
242085,gpt-5,3,2,1,3,0,0,1,1,0,0,1,Testing Prompt: 0.7309246869711041
293411,gpt-5,2,1,3,2,1,0,0,0,0,1,1,Testing Prompt: 0.7309246869711041
253693,gpt-5,3,2,4,3,0,0,0,0,1,0,1,Testing Prompt: 0.7309246869711041
534553,gpt-5,3,3,1,3,0,0,1,1,0,0,1,Testing Prompt: 0.7309246869711041
550903,gpt-5,3,3,4,4,0,1,1,0,1,1,1,Testing Prompt: 0.7309246869711041
184927,gpt-5,3,4,4,4,0,0,1,1,0,1,1,Testing Prompt: 0.7309246869711041
534868,gpt-5,2,1,2,1,0,0,0,0,0,1,1,Testing Prompt: 0.7309246869711041
632387,gpt-5,2,2,3,2,0,0,0,0,0,0,1,Testing Prompt: 0.7309246869711041
530371,gpt-5,4,4,3,4,0,0,1,1,0,0,1,Testing Prompt: 0.7309246869711041
576254,gpt-5,2,3,1,2,0,0,0,0,0,0,1,Testing Prompt: 0.7309246869711041
505194,gpt-5,3,2,3,3,0,0,0,1,0,0,1,Testing Prompt: 0.7309246869711041
208682,gpt-5,3,1,4,3,0,0,1,0,0,1,1,Testing Prompt: 0.7309246869711041
607920,gpt-5,2,1,3,2,0,0,0,0,0,1,1,Testing Prompt: 0.7309246869711041
195235,gpt-5,3,2,4,2,0,0,1,0,0,0,1,Testing Prompt: 0.7309246869711041
172253,gpt-5,2,3,4,1,0,0,0,0,0,1,1,Testing Prompt: 0.7309246869711041
226773,gpt-5,3,2,3,3,0,0,0,0,0,1,1,Testing Prompt: 0.7309246869711041
257325,gpt-5,2,4,4,2,0,0,0,0,0,0,1,Testing Prompt: 0.7309246869711041
630563,gpt-5,2,4,3,2,0,0,0,0,0,0,1,Testing Prompt: 0.7309246869711041
703584,gpt-5,2,2,1,2,0,0,1,0,0,1,1,Testing Prompt: 0.7309246869711041
545047,gpt-5,3,4,3,2,0,0,0,1,0,0,1,Testing Prompt: 0.7309246869711041
546578,gpt-5,2,1,1,2,0,0,0,0,0,0,1,Testing Prompt: 0.7309246869711041
248235,gpt-5,3,3,3,4,0,0,1,0,1,0,1,Testing Prompt: 0.7309246869711041
512243,gpt-5,2,2,3,2,0,0,0,0,0,0,1,Testing Prompt: 0.7309246869711041
706907,gpt-5,2,3,3,3,0,0,0,0,1,1,1,Testing Prompt: 0.7309246869711041
216965,gpt-5,3,3,2,3,0,0,0,0,0,1,1,Testing Prompt: 0.7309246869711041
524784,gpt-5,3,3,3,4,0,0,0,0,0,0,1,Testing Prompt: 0.7309246869711041
528543,gpt-5,3,3,2,3,0,0,0,0,0,0,1,Testing Prompt: 0.7309246869711041
546868,gpt-5,2,4,3,2,0,0,0,0,0,0,1,Testing Prompt: 0.7309246869711041
282284,gpt-5,2,1,3,2,0,0,0,0,0,0,1,Testing Prompt: 0.7309246869711041
264478,gpt-5,2,2,3,2,0,0,0,0,0,0,1,Testing Prompt: 0.7309246869711041
557524,gpt-5,2,1,3,2,0,0,0,0,0,1,1,Testing Prompt: 0.7309246869711041
188529,gpt-5,2,2,1,2,0,0,1,0,1,0,1,Testing Prompt: 0.7309246869711041
700128,gpt-5,2,3,4,1,0,0,0,0,0,0,1,Testing Prompt: 0.7309246869711041
200051,gpt-5,3,4,1,2,0,0,1,0,0,0,1,Testing Prompt: 0.7309246869711041
217052,gpt-5,2,1,2,1,0,0,0,0,0,0,1,Testing Prompt: 0.7309246869711041
613126,gpt-5,4,4,3,3,0,0,1,0,0,1,1,Testing Prompt: 0.7309246869711041
511739,gpt-5,2,1,1,1,0,0,0,0,0,0,1,Testing Prompt: 0.7309246869711041
167524,gpt-5,2,1,3,2,0,0,0,0,0,0,1,Testing Prompt: 0.7309246869711041
505173,gpt-5,3,3,4,4,0,0,0,1,1,1,1,Testing Prompt: 0.7309246869711041
575601,gpt-5,3,4,3,2,0,0,1,0,0,0,1,Testing Prompt: 0.7309246869711041
543229,gpt-5,3,3,3,3,0,0,0,1,0,1,1,Testing Prompt: 0.7309246869711041
248896,gpt-5,3,4,3,2,0,0,1,0,0,0,1,Testing Prompt: 0.7309246869711041
555531,gpt-5,2,2,1,2,0,0,0,0,1,0,1,Testing Prompt: 0.7309246869711041
601728,gpt-5,2,3,3,2,0,0,0,0,1,0,1,Testing Prompt: 0.7309246869711041
613961,gpt-5,4,3,1,3,0,0,1,1,0,1,1,Testing Prompt: 0.7309246869711041
600997,gpt-5,4,4,1,4,0,0,1,1,1,1,1,Testing Prompt: 0.7309246869711041
263413,gpt-5,4,4,2,4,0,0,1,1,1,0,1,Testing Prompt: 0.7309246869711041
704896,gpt-5,2,1,1,3,0,0,0,1,0,0,1,Testing Prompt: 0.7309246869711041
644531,gpt-5,3,3,3,3,0,0,1,1,0,1,1,Testing Prompt: 0.7309246869711041
561983,gpt-5,4,3,1,3,1,0,0,1,1,1,1,Testing Prompt: 0.7309246869711041
211179,gpt-5,2,1,1,3,0,0,0,1,0,0,1,Testing Prompt: 0.7309246869711041
240687,gpt-5,3,4,3,3,0,0,1,0,1,1,1,Testing Prompt: 0.7309246869711041
238025,gpt-5,4,4,1,4,0,0,1,0,0,0,1,Testing Prompt: 0.7309246869711041
263864,gpt-5,2,3,1,3,0,0,0,1,0,1,1,Testing Prompt: 0.7309246869711041
218810,gpt-5,2,1,3,2,0,0,1,1,0,0,1,Testing Prompt: 0.7309246869711041
249730,gpt-5,2,1,3,2,0,0,0,0,0,0,1,Testing Prompt: 0.7309246869711041
585389,gpt-5,2,2,3,2,0,0,0,0,1,0,1,Testing Prompt: 0.7309246869711041
551252,gpt-5,2,2,4,3,0,0,0,1,1,1,1,Testing Prompt: 0.7309246869711041
573597,gpt-5,4,3,1,4,0,0,1,0,1,1,1,Testing Prompt: 0.7309246869711041
503131,gpt-5,2,3,1,1,0,0,0,0,0,0,1,Testing Prompt: 0.7309246869711041
266177,gpt-5,2,2,4,3,0,0,0,0,0,0,1,Testing Prompt: 0.7309246869711041
219176,gpt-5,3,4,3,4,0,1,1,1,1,0,1,Testing Prompt: 0.7309246869711041
543094,gpt-5,3,4,4,2,0,0,1,0,0,0,1,Testing Prompt: 0.7309246869711041
600843,gpt-5,2,1,3,2,0,0,0,0,0,0,1,Testing Prompt: 0.7309246869711041
217400,gpt-5,2,1,2,2,0,0,0,1,0,0,1,Testing Prompt: 0.7309246869711041
247482,gpt-5,2,2,3,2,0,0,1,1,1,0,1,Testing Prompt: 0.7309246869711041
615578,gpt-5,4,3,3,4,1,0,1,1,1,1,1,Testing Prompt: 0.7309246869711041
264262,gpt-5,1,1,1,2,0,0,0,0,0,0,1,Testing Prompt: 0.7309246869711041
588075,gpt-5,2,2,3,3,0,0,0,0,0,0,1,Testing Prompt: 0.7309246869711041
529141,gpt-5,2,2,3,2,0,0,0,0,0,0,1,Testing Prompt: 0.7309246869711041
257040,gpt-5,3,3,4,3,0,0,1,0,0,1,1,Testing Prompt: 0.7309246869711041
641013,gpt-5,2,2,3,2,0,0,0,0,1,1,1,Testing Prompt: 0.7309246869711041
211283,gpt-5,2,3,4,3,0,0,0,0,0,0,1,Testing Prompt: 0.7309246869711041
207845,gpt-5,2,3,3,2,1,0,0,1,0,0,1,Testing Prompt: 0.7309246869711041
564167,gpt-5,3,3,1,3,1,0,1,1,1,1,1,Testing Prompt: 0.7309246869711041
248731,gpt-5,3,4,4,4,0,0,1,0,1,1,1,Testing Prompt: 0.7309246869711041
643006,gpt-5,3,3,3,3,0,0,1,0,1,1,1,Testing Prompt: 0.7309246869711041
704786,gpt-5,3,4,1,3,0,0,1,1,1,0,1,Testing Prompt: 0.7309246869711041
581720,gpt-5,4,4,3,4,1,0,1,0,1,1,1,Testing Prompt: 0.7309246869711041
614816,gpt-5,2,1,4,3,0,0,0,0,1,1,1,Testing Prompt: 0.7309246869711041
225581,gpt-5,4,4,2,3,1,0,1,1,0,1,1,Testing Prompt: 0.7309246869711041
244029,gpt-5,3,4,4,3,0,0,1,0,1,0,1,Testing Prompt: 0.7309246869711041
238271,gpt-5,3,1,4,3,0,0,1,0,0,1,1,Testing Prompt: 0.7309246869711041
225646,gpt-5,2,1,4,2,0,0,0,1,1,1,1,Testing Prompt: 0.7309246869711041
717614,gpt-5,2,1,3,2,0,0,0,0,0,0,1,Testing Prompt: 0.7309246869711041
580333,gpt-5,2,1,1,2,0,0,0,0,0,1,1,Testing Prompt: 0.7309246869711041
556668,gpt-5,2,1,4,2,0,0,1,0,1,1,1,Testing Prompt: 0.7309246869711041
529099,gpt-5,2,1,3,3,0,0,0,0,1,0,1,Testing Prompt: 0.7309246869711041
215108,gpt-5,4,3,1,4,0,0,1,0,1,1,1,Testing Prompt: 0.7309246869711041
525710,gpt-5,4,4,3,4,0,0,1,1,1,1,1,Testing Prompt: 0.7309246869711041
274347,gpt-5,4,4,4,4,0,0,1,0,0,1,1,Testing Prompt: 0.7309246869711041
174997,gpt-5,2,1,1,2,0,0,0,1,0,0,1,Testing Prompt: 0.7309246869711041
591948,gpt-5,3,3,3,2,0,0,1,0,1,1,1,Testing Prompt: 0.7309246869711041
207524,gpt-5,3,4,3,3,0,0,1,0,1,0,1,Testing Prompt: 0.7309246869711041
291285,gpt-5,3,3,3,3,0,0,1,1,0,1,1,Testing Prompt: 0.7309246869711041
225577,gpt-5,2,3,4,3,0,0,0,0,1,0,1,Testing Prompt: 0.7309246869711041
628747,gpt-5,2,1,3,2,0,0,0,0,0,1,1,Testing Prompt: 0.7309246869711041
735055,gpt-5,3,3,3,3,0,0,0,0,0,1,1,Testing Prompt: 0.7309246869711041
640700,gpt-5,3,4,1,4,0,0,1,1,0,0,1,Testing Prompt: 0.7309246869711041
590085,gpt-5,3,3,1,4,0,0,1,1,1,0,1,Testing Prompt: 0.7309246869711041
232366,gpt-5,2,3,1,2,0,0,1,0,0,0,1,Testing Prompt: 0.7309246869711041
242166,gpt-5,2,1,3,2,0,0,0,0,0,1,1,Testing Prompt: 0.7309246869711041
601747,gpt-5,1,1,1,2,0,0,0,0,0,0,1,Testing Prompt: 0.7309246869711041
215179,gpt-5,2,1,3,2,0,0,0,0,0,1,1,Testing Prompt: 0.7309246869711041
558582,gpt-5,1,1,3,2,0,0,0,0,0,1,1,Testing Prompt: 0.7309246869711041
247781,gpt-5,3,4,3,3,0,0,0,0,0,1,1,Testing Prompt: 0.7309246869711041
190056,gpt-5,2,1,3,2,1,0,0,0,0,0,1,Testing Prompt: 0.7309246869711041
264344,gpt-5,3,4,3,4,0,0,1,0,0,1,1,Testing Prompt: 0.7309246869711041
231173,gpt-5,4,4,3,3,0,0,1,0,1,1,1,Testing Prompt: 0.7309246869711041
208682,gpt-5,2,1,3,3,0,0,1,0,1,1,2,Testing Prompt: 0.7356583285540736
505194,gpt-5,2,2,3,3,0,0,0,0,1,0,2,Testing Prompt: 0.7356583285540736
207524,gpt-5,3,4,1,2,0,0,1,0,0,0,2,Testing Prompt: 0.7356583285540736
505173,gpt-5,3,3,4,4,0,0,1,1,1,1,2,Testing Prompt: 0.7356583285540736
525710,gpt-5,3,4,4,4,0,0,1,1,1,1,2,Testing Prompt: 0.7356583285540736
240687,gpt-5,2,3,3,3,0,0,1,0,1,1,2,Testing Prompt: 0.7356583285540736
556668,gpt-5,2,1,4,2,0,0,1,0,1,1,2,Testing Prompt: 0.7356583285540736
706907,gpt-5,1,3,3,3,0,0,1,0,1,1,2,Testing Prompt: 0.7356583285540736
217052,gpt-5,1,1,2,1,0,1,0,0,0,1,2,Testing Prompt: 0.7356583285540736
555531,gpt-5,3,3,1,2,0,0,1,0,1,1,2,Testing Prompt: 0.7356583285540736
242166,gpt-5,1,1,3,2,0,0,0,0,1,1,2,Testing Prompt: 0.7356583285540736
503131,gpt-5,2,4,1,2,0,0,0,0,0,1,2,Testing Prompt: 0.7356583285540736
207845,gpt-5,2,3,3,2,1,0,0,1,0,1,2,Testing Prompt: 0.7356583285540736
264478,gpt-5,2,2,3,3,0,0,0,0,0,1,2,Testing Prompt: 0.7356583285540736
546578,gpt-5,3,3,1,2,0,0,1,0,0,1,2,Testing Prompt: 0.7356583285540736
188529,gpt-5,2,1,1,2,0,0,1,0,0,0,2,Testing Prompt: 0.7356583285540736
586617,gpt-5,3,3,4,4,0,0,1,1,0,1,2,Testing Prompt: 0.7356583285540736
293411,gpt-5,2,1,3,2,0,0,0,0,0,1,2,Testing Prompt: 0.7356583285540736
167524,gpt-5,2,1,1,2,0,0,0,0,0,1,2,Testing Prompt: 0.7356583285540736
543094,gpt-5,3,4,4,2,0,0,1,0,0,1,2,Testing Prompt: 0.7356583285540736
263413,gpt-5,4,4,2,3,0,0,1,1,1,0,2,Testing Prompt: 0.7356583285540736
264262,gpt-5,2,1,1,2,0,0,0,0,0,0,2,Testing Prompt: 0.7356583285540736
232366,gpt-5,3,3,1,2,0,0,1,0,0,0,2,Testing Prompt: 0.7356583285540736
588075,gpt-5,2,2,3,3,0,0,0,0,0,0,2,Testing Prompt: 0.7356583285540736
640700,gpt-5,3,3,1,3,0,0,1,1,0,0,2,Testing Prompt: 0.7356583285540736
216965,gpt-5,3,4,3,3,0,1,0,0,0,1,2,Testing Prompt: 0.7356583285540736
704786,gpt-5,3,4,1,3,0,0,1,1,1,0,2,Testing Prompt: 0.7356583285540736
249730,gpt-5,2,1,3,2,0,0,0,0,0,0,2,Testing Prompt: 0.7356583285540736
257325,gpt-5,4,4,4,4,0,0,1,0,0,1,2,Testing Prompt: 0.7356583285540736
219176,gpt-5,3,3,3,4,0,0,1,0,0,0,2,Testing Prompt: 0.7356583285540736
576254,gpt-5,2,3,1,2,0,0,0,0,1,0,2,Testing Prompt: 0.7356583285540736
247482,gpt-5,3,4,4,3,0,0,1,1,1,1,2,Testing Prompt: 0.7356583285540736
225581,gpt-5,4,4,3,4,1,0,1,1,0,1,2,Testing Prompt: 0.7356583285540736
590085,gpt-5,3,4,1,4,0,0,1,1,1,0,2,Testing Prompt: 0.7356583285540736
581720,gpt-5,4,4,3,4,1,0,1,0,0,1,2,Testing Prompt: 0.7356583285540736
184927,gpt-5,4,4,4,4,0,0,1,0,0,1,2,Testing Prompt: 0.7356583285540736
703584,gpt-5,2,1,1,2,0,0,1,0,0,1,2,Testing Prompt: 0.7356583285540736
717614,gpt-5,2,1,3,3,0,0,0,0,0,0,2,Testing Prompt: 0.7356583285540736
190056,gpt-5,2,2,3,2,1,0,0,0,0,0,2,Testing Prompt: 0.7356583285540736
546868,gpt-5,2,3,3,3,0,0,0,0,0,1,2,Testing Prompt: 0.7356583285540736
218810,gpt-5,2,1,3,2,0,0,1,1,0,0,2,Testing Prompt: 0.7356583285540736
238271,gpt-5,3,1,4,3,0,0,1,1,0,1,2,Testing Prompt: 0.7356583285540736
601728,gpt-5,2,3,1,2,0,0,1,0,1,0,2,Testing Prompt: 0.7356583285540736
643006,gpt-5,3,3,3,4,0,0,1,0,1,1,2,Testing Prompt: 0.7356583285540736
247781,gpt-5,3,3,3,3,0,0,0,0,0,1,2,Testing Prompt: 0.7356583285540736
195235,gpt-5,3,3,3,3,0,0,1,0,0,0,2,Testing Prompt: 0.7356583285540736
584423,gpt-5,2,2,4,2,0,0,0,0,0,0,2,Testing Prompt: 0.7356583285540736
735055,gpt-5,2,3,3,3,0,0,0,0,0,1,2,Testing Prompt: 0.7356583285540736
613961,gpt-5,4,4,1,4,0,0,1,0,0,1,2,Testing Prompt: 0.7356583285540736
564167,gpt-5,3,4,1,3,1,0,1,1,1,1,2,Testing Prompt: 0.7356583285540736
529099,gpt-5,2,1,3,2,0,0,0,0,0,0,2,Testing Prompt: 0.7356583285540736
632387,gpt-5,2,1,3,2,0,0,0,0,0,0,2,Testing Prompt: 0.7356583285540736
615578,gpt-5,4,3,3,4,1,0,1,1,1,1,2,Testing Prompt: 0.7356583285540736
238025,gpt-5,4,4,1,3,0,0,1,0,0,0,2,Testing Prompt: 0.7356583285540736
545047,gpt-5,3,3,3,2,0,0,0,1,0,0,2,Testing Prompt: 0.7356583285540736
561983,gpt-5,3,3,1,3,1,0,0,1,1,1,2,Testing Prompt: 0.7356583285540736
215179,gpt-5,2,1,3,2,0,0,0,0,0,1,2,Testing Prompt: 0.7356583285540736
550903,gpt-5,3,2,3,4,0,1,1,0,1,1,2,Testing Prompt: 0.7356583285540736
543229,gpt-5,3,3,3,4,0,0,1,0,0,1,2,Testing Prompt: 0.7356583285540736
630563,gpt-5,2,3,3,2,0,0,0,0,0,0,2,Testing Prompt: 0.7356583285540736
211179,gpt-5,2,1,1,3,0,0,0,1,0,0,2,Testing Prompt: 0.7356583285540736
557524,gpt-5,2,3,1,2,0,0,0,0,0,1,2,Testing Prompt: 0.7356583285540736
534553,gpt-5,3,4,1,4,0,0,1,1,0,0,2,Testing Prompt: 0.7356583285540736
641013,gpt-5,2,2,3,2,0,0,0,0,1,1,2,Testing Prompt: 0.7356583285540736
225577,gpt-5,3,3,4,4,0,0,0,0,1,0,2,Testing Prompt: 0.7356583285540736
614816,gpt-5,2,3,4,3,0,0,0,0,1,0,2,Testing Prompt: 0.7356583285540736
561604,gpt-5,2,3,1,3,0,0,0,1,0,0,2,Testing Prompt: 0.7356583285540736
217400,gpt-5,2,1,3,2,0,0,0,0,0,0,2,Testing Prompt: 0.7356583285540736
242085,gpt-5,3,2,1,3,0,0,1,1,0,0,2,Testing Prompt: 0.7356583285540736
282284,gpt-5,2,2,3,2,0,0,0,0,0,0,2,Testing Prompt: 0.7356583285540736
511739,gpt-5,1,1,1,1,0,0,0,0,0,0,2,Testing Prompt: 0.7356583285540736
506571,gpt-5,3,4,3,4,0,0,1,1,0,0,2,Testing Prompt: 0.7356583285540736
291285,gpt-5,3,4,4,4,0,0,1,1,0,0,2,Testing Prompt: 0.7356583285540736
172253,gpt-5,1,3,3,1,0,0,0,0,0,0,2,Testing Prompt: 0.7356583285540736
200051,gpt-5,4,4,1,3,0,0,1,0,0,0,2,Testing Prompt: 0.7356583285540736
524784,gpt-5,4,3,3,4,0,0,0,0,0,0,2,Testing Prompt: 0.7356583285540736
529141,gpt-5,1,2,3,2,0,0,0,0,0,0,2,Testing Prompt: 0.7356583285540736
700128,gpt-5,1,3,3,1,0,0,0,0,0,0,2,Testing Prompt: 0.7356583285540736
174997,gpt-5,2,1,3,2,0,0,0,1,0,0,2,Testing Prompt: 0.7356583285540736
264344,gpt-5,4,4,3,4,0,0,1,0,0,0,2,Testing Prompt: 0.7356583285540736
585389,gpt-5,2,1,3,2,0,0,0,0,1,0,2,Testing Prompt: 0.7356583285540736
530371,gpt-5,3,4,3,4,0,0,1,1,0,0,2,Testing Prompt: 0.7356583285540736
575601,gpt-5,3,4,3,2,0,0,1,0,0,0,2,Testing Prompt: 0.7356583285540736
607920,gpt-5,2,1,1,2,0,0,0,0,0,1,2,Testing Prompt: 0.7356583285540736
248896,gpt-5,3,4,3,2,0,0,1,0,0,0,2,Testing Prompt: 0.7356583285540736
274347,gpt-5,4,4,4,4,0,0,1,0,0,0,2,Testing Prompt: 0.7356583285540736
257040,gpt-5,3,2,3,3,0,0,1,0,0,1,2,Testing Prompt: 0.7356583285540736
644531,gpt-5,2,3,3,2,0,0,1,0,0,1,2,Testing Prompt: 0.7356583285540736
244029,gpt-5,3,4,4,3,0,0,1,1,1,0,2,Testing Prompt: 0.7356583285540736
231173,gpt-5,4,4,4,3,0,1,1,0,0,1,2,Testing Prompt: 0.7356583285540736
226773,gpt-5,2,1,3,3,0,0,0,0,0,1,2,Testing Prompt: 0.7356583285540736
600997,gpt-5,4,4,1,4,0,0,1,1,1,1,2,Testing Prompt: 0.7356583285540736
600843,gpt-5,2,3,3,3,0,1,0,1,0,0,2,Testing Prompt: 0.7356583285540736
503131,gpt-5,2,4,1,2,0,0,0,0,0,0,3,Testing Prompt: 0.28628664433395257
253693,gpt-5,2,1,4,2,0,0,0,0,1,0,3,Testing Prompt: 0.28628664433395257
630563,gpt-5,2,4,3,2,0,0,0,0,0,0,3,Testing Prompt: 0.28628664433395257
717614,gpt-5,2,2,3,2,0,0,0,0,0,0,3,Testing Prompt: 0.28628664433395257
534868,gpt-5,2,1,3,2,0,0,0,0,0,1,3,Testing Prompt: 0.28628664433395257
225646,gpt-5,3,3,3,3,0,0,0,1,0,0,3,Testing Prompt: 0.28628664433395257
257040,gpt-5,2,2,3,2,0,0,1,0,0,1,3,Testing Prompt: 0.28628664433395257
266177,gpt-5,2,2,4,3,0,0,0,0,0,0,3,Testing Prompt: 0.28628664433395257
614816,gpt-5,2,1,4,3,0,0,0,0,1,0,3,Testing Prompt: 0.28628664433395257
551252,gpt-5,2,2,4,3,0,0,0,1,1,1,3,Testing Prompt: 0.28628664433395257
628747,gpt-5,1,1,3,2,0,0,0,0,0,0,3,Testing Prompt: 0.28628664433395257
211283,gpt-5,2,3,4,3,0,0,0,0,0,0,3,Testing Prompt: 0.28628664433395257
529141,gpt-5,1,1,3,1,0,0,0,0,0,0,3,Testing Prompt: 0.28628664433395257
238025,gpt-5,3,4,1,4,0,0,1,0,0,0,3,Testing Prompt: 0.28628664433395257
585389,gpt-5,2,1,3,2,0,0,0,0,1,1,3,Testing Prompt: 0.28628664433395257
217400,gpt-5,2,1,3,2,0,0,0,0,0,0,3,Testing Prompt: 0.28628664433395257
600843,gpt-5,2,3,3,2,0,0,0,0,0,0,3,Testing Prompt: 0.28628664433395257
264344,gpt-5,3,3,3,3,0,0,1,0,0,0,3,Testing Prompt: 0.28628664433395257
217052,gpt-5,1,1,2,1,0,0,0,0,0,0,3,Testing Prompt: 0.28628664433395257
238271,gpt-5,2,1,4,3,0,0,1,0,0,1,3,Testing Prompt: 0.28628664433395257
505173,gpt-5,2,1,4,3,0,0,0,1,1,1,3,Testing Prompt: 0.28628664433395257
600997,gpt-5,4,4,1,4,0,0,1,1,1,1,3,Testing Prompt: 0.28628664433395257
555531,gpt-5,2,2,1,2,0,0,0,0,0,0,3,Testing Prompt: 0.28628664433395257
274347,gpt-5,3,4,4,3,0,0,1,0,0,0,3,Testing Prompt: 0.28628664433395257
576254,gpt-5,2,3,1,2,0,0,0,0,0,0,3,Testing Prompt: 0.28628664433395257
543229,gpt-5,2,1,3,3,0,0,0,1,0,0,3,Testing Prompt: 0.28628664433395257
529099,gpt-5,2,1,3,2,0,0,0,0,0,1,3,Testing Prompt: 0.28628664433395257
558582,gpt-5,1,1,3,2,0,0,0,0,0,0,3,Testing Prompt: 0.28628664433395257
557524,gpt-5,2,1,1,2,0,0,0,0,0,1,3,Testing Prompt: 0.28628664433395257
257325,gpt-5,3,4,4,3,0,0,0,0,0,0,3,Testing Prompt: 0.28628664433395257
247482,gpt-5,2,3,3,2,0,0,1,1,1,1,3,Testing Prompt: 0.28628664433395257
580333,gpt-5,2,1,1,2,0,0,0,0,0,1,3,Testing Prompt: 0.28628664433395257
242085,gpt-5,2,1,1,2,0,0,1,1,0,0,3,Testing Prompt: 0.28628664433395257
615578,gpt-5,4,3,3,4,1,0,1,1,1,1,3,Testing Prompt: 0.28628664433395257
556668,gpt-5,2,1,4,2,0,0,0,1,1,1,3,Testing Prompt: 0.28628664433395257
249730,gpt-5,2,1,3,2,0,0,0,0,0,0,3,Testing Prompt: 0.28628664433395257
226773,gpt-5,2,1,3,3,0,0,0,0,0,1,3,Testing Prompt: 0.28628664433395257
200051,gpt-5,3,4,1,3,0,0,1,1,0,0,3,Testing Prompt: 0.28628664433395257
291285,gpt-5,4,4,3,4,0,0,1,1,0,0,3,Testing Prompt: 0.28628664433395257
512243,gpt-5,2,2,3,2,0,0,0,0,0,0,3,Testing Prompt: 0.28628664433395257
264478,gpt-5,2,2,3,2,0,0,0,0,0,0,3,Testing Prompt: 0.28628664433395257
215179,gpt-5,2,2,3,2,0,0,0,0,0,1,3,Testing Prompt: 0.28628664433395257
190056,gpt-5,2,2,3,2,1,0,0,0,0,0,3,Testing Prompt: 0.28628664433395257
584423,gpt-5,2,3,4,2,0,0,0,0,0,1,3,Testing Prompt: 0.28628664433395257
172253,gpt-5,2,3,4,2,0,0,0,0,0,1,3,Testing Prompt: 0.28628664433395257
545047,gpt-5,2,3,3,3,0,0,0,1,1,0,3,Testing Prompt: 0.28628664433395257
511739,gpt-5,2,1,1,1,0,0,0,0,0,0,3,Testing Prompt: 0.28628664433395257
282284,gpt-5,2,2,3,2,0,0,0,0,0,0,3,Testing Prompt: 0.28628664433395257
561983,gpt-5,3,3,1,3,1,0,0,1,1,1,3,Testing Prompt: 0.28628664433395257
591948,gpt-5,2,3,3,2,0,0,0,0,0,0,3,Testing Prompt: 0.28628664433395257
208682,gpt-5,2,1,3,3,0,0,1,0,0,1,3,Testing Prompt: 0.28628664433395257
581720,gpt-5,4,4,3,4,1,0,1,0,0,1,3,Testing Prompt: 0.28628664433395257
613126,gpt-5,4,4,3,4,0,0,1,0,0,0,3,Testing Prompt: 0.28628664433395257
735055,gpt-5,2,3,3,3,0,0,0,0,0,0,3,Testing Prompt: 0.28628664433395257
601728,gpt-5,2,4,1,2,0,0,0,0,1,0,3,Testing Prompt: 0.28628664433395257
613961,gpt-5,2,3,3,3,0,0,1,0,0,1,3,Testing Prompt: 0.28628664433395257
590085,gpt-5,3,3,1,4,0,0,1,1,1,0,3,Testing Prompt: 0.28628664433395257
588075,gpt-5,2,2,3,3,0,0,0,0,0,0,3,Testing Prompt: 0.28628664433395257
704896,gpt-5,3,3,1,4,0,0,0,1,0,0,3,Testing Prompt: 0.28628664433395257
704786,gpt-5,4,4,1,2,0,0,1,1,1,0,3,Testing Prompt: 0.28628664433395257
546578,gpt-5,2,1,1,2,0,0,0,0,0,0,3,Testing Prompt: 0.28628664433395257
247781,gpt-5,2,3,3,2,0,0,0,0,0,0,3,Testing Prompt: 0.28628664433395257
575601,gpt-5,3,3,3,2,0,0,1,0,0,0,3,Testing Prompt: 0.28628664433395257
293411,gpt-5,2,1,3,2,1,0,0,0,0,0,3,Testing Prompt: 0.28628664433395257
543094,gpt-5,3,4,4,2,0,0,1,0,0,0,3,Testing Prompt: 0.28628664433395257
218810,gpt-5,2,1,3,2,0,0,1,1,0,0,3,Testing Prompt: 0.28628664433395257
546868,gpt-5,2,3,3,3,0,0,0,0,0,0,3,Testing Prompt: 0.28628664433395257
207845,gpt-5,2,3,3,2,1,0,0,1,0,0,3,Testing Prompt: 0.28628664433395257
264262,gpt-5,1,1,1,2,0,0,0,0,0,0,3,Testing Prompt: 0.28628664433395257
263413,gpt-5,4,4,2,4,0,0,1,1,1,0,3,Testing Prompt: 0.28628664433395257
167524,gpt-5,2,1,1,1,0,0,0,0,0,0,3,Testing Prompt: 0.28628664433395257
586617,gpt-5,3,3,4,4,0,0,1,1,0,0,3,Testing Prompt: 0.28628664433395257
225577,gpt-5,3,3,4,4,0,0,0,0,1,0,3,Testing Prompt: 0.28628664433395257
244029,gpt-5,3,4,4,3,0,0,1,0,1,0,3,Testing Prompt: 0.28628664433395257
573597,gpt-5,4,3,1,3,0,0,1,0,1,1,3,Testing Prompt: 0.28628664433395257
505194,gpt-5,3,2,3,3,0,0,0,0,1,0,3,Testing Prompt: 0.28628664433395257
174997,gpt-5,2,1,3,2,0,0,0,0,0,0,3,Testing Prompt: 0.28628664433395257
219176,gpt-5,4,4,3,4,0,1,1,0,1,0,3,Testing Prompt: 0.28628664433395257
607920,gpt-5,2,1,3,2,0,0,0,0,0,1,3,Testing Prompt: 0.28628664433395257
215108,gpt-5,3,3,4,4,0,0,1,0,0,1,3,Testing Prompt: 0.28628664433395257
231173,gpt-5,4,4,4,3,0,1,1,0,0,1,3,Testing Prompt: 0.28628664433395257
184927,gpt-5,4,4,4,4,0,0,1,1,0,1,3,Testing Prompt: 0.28628664433395257
524784,gpt-5,3,2,1,4,0,0,0,0,0,1,3,Testing Prompt: 0.28628664433395257
632387,gpt-5,2,1,3,2,0,0,0,0,0,0,3,Testing Prompt: 0.28628664433395257
700128,gpt-5,1,3,4,1,0,0,0,0,0,1,3,Testing Prompt: 0.28628664433395257
211179,gpt-5,2,1,1,2,0,0,0,1,0,0,3,Testing Prompt: 0.28628664433395257
601747,gpt-5,1,1,1,2,0,0,0,0,0,0,3,Testing Prompt: 0.28628664433395257
225581,gpt-5,4,4,4,4,1,0,1,1,1,1,3,Testing Prompt: 0.28628664433395257
550903,gpt-5,2,3,4,3,0,0,0,0,1,1,3,Testing Prompt: 0.28628664433395257
525710,gpt-5,3,4,4,4,0,0,1,0,1,1,3,Testing Prompt: 0.28628664433395257
207524,gpt-5,3,4,3,3,0,0,1,0,1,0,3,Testing Prompt: 0.28628664433395257
248896,gpt-5,2,4,3,3,0,0,1,0,0,0,3,Testing Prompt: 0.28628664433395257
641013,gpt-5,2,2,3,2,0,0,0,0,1,1,3,Testing Prompt: 0.28628664433395257
506571,gpt-5,3,4,3,4,0,0,1,1,0,0,3,Testing Prompt: 0.28628664433395257
703584,gpt-5,3,2,1,2,0,0,1,0,0,1,3,Testing Prompt: 0.28628664433395257
640700,gpt-5,3,3,1,3,0,0,1,1,0,0,3,Testing Prompt: 0.28628664433395257
248731,gpt-5,2,4,4,3,0,0,1,0,1,1,3,Testing Prompt: 0.28628664433395257
248235,gpt-5,4,4,4,4,0,1,1,1,1,0,3,Testing Prompt: 0.28628664433395257
530371,gpt-5,3,4,3,4,0,0,1,1,0,0,3,Testing Prompt: 0.28628664433395257
643006,gpt-5,3,3,3,3,0,0,1,0,1,1,3,Testing Prompt: 0.28628664433395257
561604,gpt-5,2,2,1,3,0,0,0,1,0,0,3,Testing Prompt: 0.28628664433395257
706907,gpt-5,2,2,3,3,0,0,1,0,1,1,3,Testing Prompt: 0.28628664433395257
188529,gpt-5,2,2,1,2,0,0,1,0,0,0,3,Testing Prompt: 0.28628664433395257
644531,gpt-5,2,4,3,3,0,0,1,0,0,1,3,Testing Prompt: 0.28628664433395257
240687,gpt-5,1,3,3,3,0,0,1,0,1,1,3,Testing Prompt: 0.28628664433395257
195235,gpt-5,2,2,3,2,0,0,1,0,0,1,3,Testing Prompt: 0.28628664433395257
242166,gpt-5,2,1,3,3,0,0,0,0,1,0,3,Testing Prompt: 0.28628664433395257
564167,gpt-5,3,4,2,4,1,0,1,1,1,1,3,Testing Prompt: 0.28628664433395257
216965,gpt-5,2,4,2,3,0,1,0,0,0,1,3,Testing Prompt: 0.28628664433395257
534553,gpt-5,3,3,1,3,0,0,1,1,0,0,3,Testing Prompt: 0.28628664433395257
528543,gpt-5,4,4,2,4,0,0,0,0,1,1,3,Testing Prompt: 0.28628664433395257
232366,gpt-5,3,2,1,2,0,0,1,0,0,0,3,Testing Prompt: 0.28628664433395257
263864,gpt-5,3,3,1,3,0,0,1,1,0,1,3,Testing Prompt: 0.28628664433395257
546868,gpt-5,2,3,3,2,0,0,0,0,0,0,4,Testing Prompt: 0.5674037038657556
558582,gpt-5,2,1,3,2,0,0,0,0,0,0,4,Testing Prompt: 0.5674037038657556
591948,gpt-5,3,3,3,2,0,0,0,0,0,0,4,Testing Prompt: 0.5674037038657556
580333,gpt-5,2,1,3,2,0,0,0,0,0,1,4,Testing Prompt: 0.5674037038657556
607920,gpt-5,2,1,1,2,0,0,0,0,0,1,4,Testing Prompt: 0.5674037038657556
263864,gpt-5,3,3,1,4,0,0,0,1,0,1,4,Testing Prompt: 0.5674037038657556
529141,gpt-5,2,1,3,2,0,0,0,0,0,0,4,Testing Prompt: 0.5674037038657556
528543,gpt-5,4,4,2,4,0,0,0,0,0,0,4,Testing Prompt: 0.5674037038657556
706907,gpt-5,2,3,3,3,0,0,1,0,1,1,4,Testing Prompt: 0.5674037038657556
219176,gpt-5,3,3,3,4,0,1,1,1,0,0,4,Testing Prompt: 0.5674037038657556
704896,gpt-5,2,1,1,3,0,0,0,1,0,0,4,Testing Prompt: 0.5674037038657556
195235,gpt-5,3,3,4,2,0,0,1,0,0,0,4,Testing Prompt: 0.5674037038657556
543229,gpt-5,3,1,3,3,0,0,0,1,0,1,4,Testing Prompt: 0.5674037038657556
218810,gpt-5,3,1,3,2,0,0,1,1,0,0,4,Testing Prompt: 0.5674037038657556
506571,gpt-5,4,4,3,4,0,0,1,1,0,0,4,Testing Prompt: 0.5674037038657556
632387,gpt-5,2,1,3,2,0,0,0,0,0,0,4,Testing Prompt: 0.5674037038657556
630563,gpt-5,2,4,3,2,0,0,0,0,0,0,4,Testing Prompt: 0.5674037038657556
248731,gpt-5,3,3,4,4,0,0,1,0,1,1,4,Testing Prompt: 0.5674037038657556
216965,gpt-5,3,4,2,3,0,1,1,0,0,1,4,Testing Prompt: 0.5674037038657556
217052,gpt-5,2,1,3,1,0,1,0,0,0,1,4,Testing Prompt: 0.5674037038657556
581720,gpt-5,4,4,3,3,1,0,1,0,0,1,4,Testing Prompt: 0.5674037038657556
643006,gpt-5,3,3,3,3,0,0,1,0,1,1,4,Testing Prompt: 0.5674037038657556
601747,gpt-5,1,1,1,2,0,0,0,0,0,0,4,Testing Prompt: 0.5674037038657556
232366,gpt-5,3,3,1,2,0,0,1,0,0,0,4,Testing Prompt: 0.5674037038657556
242166,gpt-5,2,1,3,2,0,0,0,0,0,1,4,Testing Prompt: 0.5674037038657556
615578,gpt-5,3,3,3,3,1,0,1,1,1,1,4,Testing Prompt: 0.5674037038657556
248235,gpt-5,3,3,3,3,0,1,1,0,0,1,4,Testing Prompt: 0.5674037038657556
207845,gpt-5,3,3,3,2,1,0,1,1,0,1,4,Testing Prompt: 0.5674037038657556
264344,gpt-5,3,3,3,3,0,0,1,0,1,1,4,Testing Prompt: 0.5674037038657556
525710,gpt-5,3,4,3,3,0,0,1,0,1,1,4,Testing Prompt: 0.5674037038657556
590085,gpt-5,3,3,1,3,0,0,1,1,1,0,4,Testing Prompt: 0.5674037038657556
217400,gpt-5,2,1,3,2,0,0,1,0,0,0,4,Testing Prompt: 0.5674037038657556
503131,gpt-5,2,4,1,1,0,0,0,0,1,1,4,Testing Prompt: 0.5674037038657556
561604,gpt-5,2,3,1,2,0,0,0,1,0,0,4,Testing Prompt: 0.5674037038657556
524784,gpt-5,3,3,3,3,0,0,1,0,1,1,4,Testing Prompt: 0.5674037038657556
215108,gpt-5,3,3,3,3,0,0,1,0,1,1,4,Testing Prompt: 0.5674037038657556
247482,gpt-5,3,3,3,2,0,0,1,1,1,1,4,Testing Prompt: 0.5674037038657556
238025,gpt-5,4,4,1,4,0,0,1,0,0,1,4,Testing Prompt: 0.5674037038657556
530371,gpt-5,3,2,1,3,0,0,1,1,0,1,4,Testing Prompt: 0.5674037038657556
546578,gpt-5,3,2,1,2,0,0,1,0,0,1,4,Testing Prompt: 0.5674037038657556
264478,gpt-5,2,2,3,2,0,0,0,0,0,0,4,Testing Prompt: 0.5674037038657556
238271,gpt-5,2,2,4,3,0,0,1,0,0,1,4,Testing Prompt: 0.5674037038657556
240687,gpt-5,2,4,3,3,0,0,1,0,1,0,4,Testing Prompt: 0.5674037038657556
600843,gpt-5,2,2,3,2,0,1,0,1,0,0,4,Testing Prompt: 0.5674037038657556
211283,gpt-5,2,3,4,3,0,0,0,0,0,0,4,Testing Prompt: 0.5674037038657556
573597,gpt-5,4,4,1,4,0,0,1,0,1,1,4,Testing Prompt: 0.5674037038657556
184927,gpt-5,3,4,4,4,0,0,1,0,0,1,4,Testing Prompt: 0.5674037038657556
703584,gpt-5,2,1,1,2,0,0,1,0,0,1,4,Testing Prompt: 0.5674037038657556
211179,gpt-5,2,1,1,2,0,0,0,1,0,0,4,Testing Prompt: 0.5674037038657556
550903,gpt-5,2,3,3,3,0,0,1,0,1,1,4,Testing Prompt: 0.5674037038657556
534868,gpt-5,2,1,1,2,0,0,0,0,0,1,4,Testing Prompt: 0.5674037038657556
257040,gpt-5,2,2,4,3,0,0,1,0,0,1,4,Testing Prompt: 0.5674037038657556
545047,gpt-5,3,4,3,3,0,0,1,1,1,0,4,Testing Prompt: 0.5674037038657556
225581,gpt-5,4,4,1,4,1,0,1,1,1,1,4,Testing Prompt: 0.5674037038657556
600997,gpt-5,4,4,2,4,0,0,1,1,1,1,4,Testing Prompt: 0.5674037038657556
641013,gpt-5,2,2,3,2,0,0,0,0,1,1,4,Testing Prompt: 0.5674037038657556
556668,gpt-5,2,1,4,2,0,0,0,0,1,1,4,Testing Prompt: 0.5674037038657556
207524,gpt-5,3,4,3,3,0,0,1,0,1,0,4,Testing Prompt: 0.5674037038657556
282284,gpt-5,2,1,1,1,0,0,0,0,0,0,4,Testing Prompt: 0.5674037038657556
505194,gpt-5,2,2,3,3,0,0,0,0,1,1,4,Testing Prompt: 0.5674037038657556
291285,gpt-5,3,4,3,4,0,0,0,1,0,1,4,Testing Prompt: 0.5674037038657556
200051,gpt-5,3,3,1,2,0,0,1,0,0,0,4,Testing Prompt: 0.5674037038657556
700128,gpt-5,2,3,4,2,0,0,0,0,0,0,4,Testing Prompt: 0.5674037038657556
263413,gpt-5,4,4,3,4,0,0,1,1,1,0,4,Testing Prompt: 0.5674037038657556
575601,gpt-5,3,4,3,2,0,0,1,0,0,0,4,Testing Prompt: 0.5674037038657556
257325,gpt-5,2,4,4,2,0,0,0,0,0,0,4,Testing Prompt: 0.5674037038657556
555531,gpt-5,3,3,3,2,0,0,0,0,0,0,4,Testing Prompt: 0.5674037038657556
613961,gpt-5,3,4,3,4,0,0,1,0,0,1,4,Testing Prompt: 0.5674037038657556
505173,gpt-5,3,3,4,4,0,0,0,1,1,1,4,Testing Prompt: 0.5674037038657556
704786,gpt-5,3,4,1,3,0,0,1,1,1,0,4,Testing Prompt: 0.5674037038657556
576254,gpt-5,2,3,1,2,0,0,0,0,0,0,4,Testing Prompt: 0.5674037038657556
601728,gpt-5,3,4,1,3,0,0,0,0,1,0,4,Testing Prompt: 0.5674037038657556
561983,gpt-5,3,3,1,3,1,0,0,1,1,1,4,Testing Prompt: 0.5674037038657556
640700,gpt-5,3,4,1,3,0,0,1,1,0,0,4,Testing Prompt: 0.5674037038657556
253693,gpt-5,2,1,4,2,0,0,0,0,1,0,4,Testing Prompt: 0.5674037038657556
188529,gpt-5,3,2,1,2,0,0,0,0,1,0,4,Testing Prompt: 0.5674037038657556
564167,gpt-5,3,4,1,4,1,0,1,1,1,1,4,Testing Prompt: 0.5674037038657556
266177,gpt-5,2,1,4,2,0,0,0,0,0,0,4,Testing Prompt: 0.5674037038657556
242085,gpt-5,3,2,1,3,0,0,1,1,0,0,4,Testing Prompt: 0.5674037038657556
208682,gpt-5,3,1,4,4,0,0,1,0,1,1,4,Testing Prompt: 0.5674037038657556
225577,gpt-5,2,3,4,3,0,0,0,0,1,0,4,Testing Prompt: 0.5674037038657556
167524,gpt-5,2,2,3,2,0,0,0,0,0,0,4,Testing Prompt: 0.5674037038657556
644531,gpt-5,3,3,3,3,0,0,1,1,0,0,4,Testing Prompt: 0.5674037038657556
264262,gpt-5,2,1,1,2,0,0,0,0,0,0,4,Testing Prompt: 0.5674037038657556
249730,gpt-5,2,1,1,2,0,0,0,0,0,0,4,Testing Prompt: 0.5674037038657556
244029,gpt-5,3,4,4,4,0,0,1,1,1,0,4,Testing Prompt: 0.5674037038657556
735055,gpt-5,3,4,3,3,0,0,0,0,0,0,4,Testing Prompt: 0.5674037038657556
584423,gpt-5,2,2,4,2,0,0,0,0,0,0,4,Testing Prompt: 0.5674037038657556
557524,gpt-5,2,3,2,2,0,0,0,0,0,1,4,Testing Prompt: 0.5674037038657556
717614,gpt-5,2,1,3,2,0,0,0,0,0,0,4,Testing Prompt: 0.5674037038657556
231173,gpt-5,4,4,4,4,0,0,1,0,0,0,4,Testing Prompt: 0.5674037038657556
614816,gpt-5,2,1,4,3,0,0,0,0,1,0,4,Testing Prompt: 0.5674037038657556
529099,gpt-5,2,1,3,3,0,0,0,0,0,0,4,Testing Prompt: 0.5674037038657556
511739,gpt-5,2,1,1,1,0,0,0,0,0,0,4,Testing Prompt: 0.5674037038657556
534553,gpt-5,3,3,1,3,0,0,1,1,0,0,4,Testing Prompt: 0.5674037038657556
190056,gpt-5,2,1,3,2,1,0,0,0,0,0,4,Testing Prompt: 0.5674037038657556
247781,gpt-5,2,4,4,3,0,0,0,0,0,0,4,Testing Prompt: 0.5674037038657556
274347,gpt-5,4,4,4,4,0,0,1,1,0,0,4,Testing Prompt: 0.5674037038657556
588075,gpt-5,2,1,3,3,0,0,0,0,0,0,4,Testing Prompt: 0.5674037038657556
613126,gpt-5,4,4,3,4,0,0,1,0,0,1,4,Testing Prompt: 0.5674037038657556
551252,gpt-5,2,2,4,2,0,0,0,1,1,1,4,Testing Prompt: 0.5674037038657556
226773,gpt-5,2,1,3,3,0,0,0,0,1,0,4,Testing Prompt: 0.5674037038657556
293411,gpt-5,2,1,3,2,1,1,0,0,0,0,4,Testing Prompt: 0.5674037038657556
585389,gpt-5,2,1,3,2,0,0,0,0,1,0,4,Testing Prompt: 0.5674037038657556
225646,gpt-5,3,2,3,3,0,0,0,1,0,0,4,Testing Prompt: 0.5674037038657556
586617,gpt-5,3,3,4,3,0,0,1,1,0,0,4,Testing Prompt: 0.5674037038657556
172253,gpt-5,2,4,4,2,0,0,0,0,0,0,4,Testing Prompt: 0.5674037038657556
248896,gpt-5,3,4,3,2,0,0,1,0,0,0,4,Testing Prompt: 0.5674037038657556
174997,gpt-5,2,1,3,2,0,0,0,0,0,0,4,Testing Prompt: 0.5674037038657556
512243,gpt-5,2,2,3,2,0,0,0,0,0,0,4,Testing Prompt: 0.5674037038657556
215179,gpt-5,2,1,3,2,0,0,0,0,0,1,4,Testing Prompt: 0.5674037038657556
543094,gpt-5,3,4,4,2,0,0,1,0,0,0,4,Testing Prompt: 0.5674037038657556
628747,gpt-5,2,1,3,2,0,0,0,0,0,1,4,Testing Prompt: 0.5674037038657556
264262,gpt-5,2,1,1,2,0,0,0,0,0,0,5,Testing Prompt: 0.19870027151893843
257040,gpt-5,2,2,3,2,0,0,0,0,0,1,5,Testing Prompt: 0.19870027151893843
581720,gpt-5,4,4,3,3,1,0,1,0,0,1,5,Testing Prompt: 0.19870027151893843
543094,gpt-5,3,4,4,2,0,0,0,0,0,0,5,Testing Prompt: 0.19870027151893843
576254,gpt-5,2,3,1,2,0,0,0,0,0,0,5,Testing Prompt: 0.19870027151893843
188529,gpt-5,2,2,1,2,0,0,0,0,1,0,5,Testing Prompt: 0.19870027151893843
505194,gpt-5,2,2,3,3,0,0,0,0,0,0,5,Testing Prompt: 0.19870027151893843
585389,gpt-5,2,1,3,2,0,0,0,0,1,1,5,Testing Prompt: 0.19870027151893843
505173,gpt-5,3,3,4,4,0,0,0,1,1,1,5,Testing Prompt: 0.19870027151893843
503131,gpt-5,2,4,1,1,0,0,0,0,0,0,5,Testing Prompt: 0.19870027151893843
704786,gpt-5,3,4,1,2,0,0,1,1,0,0,5,Testing Prompt: 0.19870027151893843
601747,gpt-5,1,1,1,1,0,0,0,0,0,0,5,Testing Prompt: 0.19870027151893843
641013,gpt-5,2,2,3,2,0,0,0,0,0,1,5,Testing Prompt: 0.19870027151893843
238271,gpt-5,2,1,4,3,0,0,1,0,0,1,5,Testing Prompt: 0.19870027151893843
200051,gpt-5,3,3,1,2,0,0,1,1,0,0,5,Testing Prompt: 0.19870027151893843
225577,gpt-5,2,3,4,3,0,0,0,0,1,0,5,Testing Prompt: 0.19870027151893843
555531,gpt-5,2,2,1,2,0,0,0,0,0,0,5,Testing Prompt: 0.19870027151893843
248235,gpt-5,4,4,3,4,0,1,1,0,1,0,5,Testing Prompt: 0.19870027151893843
264344,gpt-5,3,3,3,3,0,0,1,0,0,1,5,Testing Prompt: 0.19870027151893843
590085,gpt-5,3,4,1,4,0,0,1,1,1,0,5,Testing Prompt: 0.19870027151893843
232366,gpt-5,2,2,1,2,0,0,1,0,0,0,5,Testing Prompt: 0.19870027151893843
207524,gpt-5,3,4,3,3,0,0,1,0,1,0,5,Testing Prompt: 0.19870027151893843
172253,gpt-5,2,4,3,2,0,0,0,0,0,0,5,Testing Prompt: 0.19870027151893843
643006,gpt-5,3,3,3,3,0,0,1,0,1,1,5,Testing Prompt: 0.19870027151893843
217052,gpt-5,1,1,2,1,0,1,0,0,0,0,5,Testing Prompt: 0.19870027151893843
528543,gpt-5,3,4,1,4,0,0,0,0,0,0,5,Testing Prompt: 0.19870027151893843
534868,gpt-5,2,1,3,2,0,0,0,0,0,1,5,Testing Prompt: 0.19870027151893843
591948,gpt-5,3,3,3,2,0,0,0,0,0,0,5,Testing Prompt: 0.19870027151893843
632387,gpt-5,2,2,3,2,0,0,0,0,0,0,5,Testing Prompt: 0.19870027151893843
226773,gpt-5,2,2,3,3,0,0,1,0,0,1,5,Testing Prompt: 0.19870027151893843
573597,gpt-5,4,4,1,4,0,0,1,0,1,0,5,Testing Prompt: 0.19870027151893843
248896,gpt-5,3,4,3,3,0,0,1,0,0,0,5,Testing Prompt: 0.19870027151893843
534553,gpt-5,3,3,1,3,0,0,1,1,0,0,5,Testing Prompt: 0.19870027151893843
614816,gpt-5,2,1,4,3,0,0,0,0,1,0,5,Testing Prompt: 0.19870027151893843
253693,gpt-5,3,2,4,3,0,0,0,0,1,0,5,Testing Prompt: 0.19870027151893843
211283,gpt-5,2,4,4,3,0,0,0,0,0,0,5,Testing Prompt: 0.19870027151893843
215179,gpt-5,1,1,3,1,0,0,0,0,0,1,5,Testing Prompt: 0.19870027151893843
216965,gpt-5,3,4,2,3,0,0,0,0,0,1,5,Testing Prompt: 0.19870027151893843
613126,gpt-5,4,4,2,3,0,0,1,1,0,0,5,Testing Prompt: 0.19870027151893843
613961,gpt-5,3,4,1,3,0,0,1,0,0,1,5,Testing Prompt: 0.19870027151893843
215108,gpt-5,3,3,3,4,0,0,1,0,1,1,5,Testing Prompt: 0.19870027151893843
561604,gpt-5,2,2,1,2,0,0,0,1,0,0,5,Testing Prompt: 0.19870027151893843
247482,gpt-5,2,4,4,2,0,0,1,1,1,0,5,Testing Prompt: 0.19870027151893843
282284,gpt-5,1,1,3,1,0,0,0,0,0,0,5,Testing Prompt: 0.19870027151893843
601728,gpt-5,2,4,1,2,0,0,0,0,1,0,5,Testing Prompt: 0.19870027151893843
231173,gpt-5,4,4,3,3,0,0,1,0,1,1,5,Testing Prompt: 0.19870027151893843
530371,gpt-5,3,2,1,4,0,0,1,1,0,0,5,Testing Prompt: 0.19870027151893843
263864,gpt-5,3,3,3,4,0,0,0,0,0,1,5,Testing Prompt: 0.19870027151893843
600843,gpt-5,2,3,3,2,0,0,0,0,0,0,5,Testing Prompt: 0.19870027151893843
586617,gpt-5,4,3,4,4,0,0,1,1,0,0,5,Testing Prompt: 0.19870027151893843
546578,gpt-5,2,1,1,2,0,0,0,0,0,0,5,Testing Prompt: 0.19870027151893843
257325,gpt-5,3,4,4,3,0,0,0,0,0,1,5,Testing Prompt: 0.19870027151893843
558582,gpt-5,1,1,3,1,0,0,0,0,0,0,5,Testing Prompt: 0.19870027151893843
706907,gpt-5,2,4,3,3,0,0,1,0,1,1,5,Testing Prompt: 0.19870027151893843
244029,gpt-5,4,4,4,4,0,0,1,1,1,0,5,Testing Prompt: 0.19870027151893843
174997,gpt-5,2,1,3,3,0,0,0,1,0,0,5,Testing Prompt: 0.19870027151893843
630563,gpt-5,2,3,3,2,0,0,0,0,0,0,5,Testing Prompt: 0.19870027151893843
529099,gpt-5,2,1,3,3,0,0,0,0,0,0,5,Testing Prompt: 0.19870027151893843
274347,gpt-5,4,4,4,4,0,0,1,0,0,0,5,Testing Prompt: 0.19870027151893843
704896,gpt-5,2,1,1,3,0,0,0,1,0,0,5,Testing Prompt: 0.19870027151893843
240687,gpt-5,2,3,3,2,0,0,0,0,1,0,5,Testing Prompt: 0.19870027151893843
557524,gpt-5,2,1,1,2,0,0,0,0,0,1,5,Testing Prompt: 0.19870027151893843
208682,gpt-5,2,1,4,3,0,0,0,1,0,1,5,Testing Prompt: 0.19870027151893843
600997,gpt-5,4,4,1,4,0,0,1,1,1,1,5,Testing Prompt: 0.19870027151893843
266177,gpt-5,2,1,4,2,0,0,0,0,0,0,5,Testing Prompt: 0.19870027151893843
225646,gpt-5,3,2,3,3,0,0,0,1,0,0,5,Testing Prompt: 0.19870027151893843
291285,gpt-5,4,4,3,4,0,0,1,1,0,0,5,Testing Prompt: 0.19870027151893843
242085,gpt-5,2,1,1,2,0,0,1,1,0,0,5,Testing Prompt: 0.19870027151893843
506571,gpt-5,4,3,3,4,0,0,1,1,0,0,5,Testing Prompt: 0.19870027151893843
293411,gpt-5,1,1,1,2,1,0,0,0,0,0,5,Testing Prompt: 0.19870027151893843
615578,gpt-5,4,3,3,4,1,0,1,1,0,1,5,Testing Prompt: 0.19870027151893843
588075,gpt-5,2,2,3,2,0,0,0,0,0,0,5,Testing Prompt: 0.19870027151893843
564167,gpt-5,3,4,2,3,1,0,1,1,1,1,5,Testing Prompt: 0.19870027151893843
584423,gpt-5,1,1,3,1,0,0,0,0,0,0,5,Testing Prompt: 0.19870027151893843
561983,gpt-5,2,3,1,2,1,0,0,1,1,0,5,Testing Prompt: 0.19870027151893843
238025,gpt-5,4,4,1,4,0,0,1,0,0,0,5,Testing Prompt: 0.19870027151893843
211179,gpt-5,2,1,1,2,0,0,0,0,0,0,5,Testing Prompt: 0.19870027151893843
207845,gpt-5,2,3,3,2,1,0,0,1,0,0,5,Testing Prompt: 0.19870027151893843
184927,gpt-5,3,4,3,4,0,0,1,1,0,1,5,Testing Prompt: 0.19870027151893843
644531,gpt-5,2,3,3,3,0,0,0,0,0,1,5,Testing Prompt: 0.19870027151893843
551252,gpt-5,2,2,4,2,0,0,0,1,1,1,5,Testing Prompt: 0.19870027151893843
512243,gpt-5,2,2,4,2,0,0,0,0,0,0,5,Testing Prompt: 0.19870027151893843
167524,gpt-5,2,1,1,2,0,0,0,0,0,0,5,Testing Prompt: 0.19870027151893843
529141,gpt-5,2,1,3,2,0,0,0,0,0,0,5,Testing Prompt: 0.19870027151893843
218810,gpt-5,2,1,1,2,0,0,1,1,0,0,5,Testing Prompt: 0.19870027151893843
607920,gpt-5,2,1,3,3,0,0,0,0,0,1,5,Testing Prompt: 0.19870027151893843
525710,gpt-5,3,4,3,3,0,0,1,1,1,0,5,Testing Prompt: 0.19870027151893843
556668,gpt-5,2,1,4,2,0,0,1,1,1,1,5,Testing Prompt: 0.19870027151893843
242166,gpt-5,2,1,3,3,0,0,0,0,0,0,5,Testing Prompt: 0.19870027151893843
545047,gpt-5,3,3,1,2,0,0,0,1,0,0,5,Testing Prompt: 0.19870027151893843
190056,gpt-5,2,1,3,2,0,0,0,0,0,0,5,Testing Prompt: 0.19870027151893843
247781,gpt-5,2,4,3,2,0,0,0,0,0,0,5,Testing Prompt: 0.19870027151893843
717614,gpt-5,2,1,3,2,0,0,0,0,0,0,5,Testing Prompt: 0.19870027151893843
248731,gpt-5,2,2,3,3,0,0,0,0,1,1,5,Testing Prompt: 0.19870027151893843
640700,gpt-5,3,3,1,4,0,0,1,1,0,0,5,Testing Prompt: 0.19870027151893843
575601,gpt-5,2,3,3,2,0,0,0,0,0,0,5,Testing Prompt: 0.19870027151893843
546868,gpt-5,2,3,3,2,0,0,0,0,0,0,5,Testing Prompt: 0.19870027151893843
249730,gpt-5,1,1,1,1,0,0,0,0,0,0,5,Testing Prompt: 0.19870027151893843
543229,gpt-5,2,1,3,3,0,0,1,0,0,1,5,Testing Prompt: 0.19870027151893843
700128,gpt-5,2,3,3,1,0,0,0,0,0,0,5,Testing Prompt: 0.19870027151893843
219176,gpt-5,3,3,3,3,0,1,1,1,1,0,5,Testing Prompt: 0.19870027151893843
524784,gpt-5,3,4,3,4,0,0,0,0,0,0,5,Testing Prompt: 0.19870027151893843
628747,gpt-5,2,3,3,2,0,0,0,0,0,0,5,Testing Prompt: 0.19870027151893843
264478,gpt-5,2,2,3,2,0,0,0,0,0,0,5,Testing Prompt: 0.19870027151893843
195235,gpt-5,3,3,3,1,0,0,1,0,0,0,5,Testing Prompt: 0.19870027151893843
511739,gpt-5,1,1,1,1,0,0,0,0,0,0,5,Testing Prompt: 0.19870027151893843
580333,gpt-5,2,1,2,2,0,0,0,0,1,1,5,Testing Prompt: 0.19870027151893843
263413,gpt-5,3,4,2,4,0,0,1,1,1,0,5,Testing Prompt: 0.19870027151893843
703584,gpt-5,2,1,2,2,0,0,1,0,0,1,5,Testing Prompt: 0.19870027151893843
225581,gpt-5,4,4,2,4,1,0,1,1,0,0,5,Testing Prompt: 0.19870027151893843
217400,gpt-5,2,1,3,2,0,0,0,0,0,0,5,Testing Prompt: 0.19870027151893843
735055,gpt-5,2,3,3,3,0,0,0,0,0,0,5,Testing Prompt: 0.19870027151893843
550903,gpt-5,3,4,4,4,1,0,1,0,1,1,5,Testing Prompt: 0.19870027151893843
248235,gpt-5,3,3,3,4,0,1,1,0,0,0,6,Testing Prompt: 0.6846425705366398
217400,gpt-5,2,1,3,2,0,0,0,0,0,0,6,Testing Prompt: 0.6846425705366398
528543,gpt-5,3,3,1,3,0,0,0,0,0,1,6,Testing Prompt: 0.6846425705366398
207845,gpt-5,2,3,3,2,1,0,0,1,0,1,6,Testing Prompt: 0.6846425705366398
215179,gpt-5,2,1,3,2,0,0,0,0,0,1,6,Testing Prompt: 0.6846425705366398
225646,gpt-5,2,1,3,2,0,0,0,1,0,1,6,Testing Prompt: 0.6846425705366398
524784,gpt-5,3,3,3,4,0,0,0,0,0,1,6,Testing Prompt: 0.6846425705366398
231173,gpt-5,4,4,4,4,0,0,1,0,0,1,6,Testing Prompt: 0.6846425705366398
263864,gpt-5,3,3,1,3,0,0,0,0,0,1,6,Testing Prompt: 0.6846425705366398
247781,gpt-5,3,3,3,3,0,0,0,0,0,1,6,Testing Prompt: 0.6846425705366398
190056,gpt-5,2,1,3,2,1,0,0,0,0,0,6,Testing Prompt: 0.6846425705366398
575601,gpt-5,3,3,3,2,0,0,0,0,0,1,6,Testing Prompt: 0.6846425705366398
200051,gpt-5,3,3,1,3,0,0,1,0,0,0,6,Testing Prompt: 0.6846425705366398
550903,gpt-5,2,3,4,3,0,1,0,0,1,1,6,Testing Prompt: 0.6846425705366398
704896,gpt-5,2,1,1,3,0,0,0,1,0,0,6,Testing Prompt: 0.6846425705366398
557524,gpt-5,2,1,2,2,0,0,0,0,0,1,6,Testing Prompt: 0.6846425705366398
225577,gpt-5,2,3,4,2,0,0,0,0,1,0,6,Testing Prompt: 0.6846425705366398
218810,gpt-5,2,1,2,2,0,0,1,1,0,0,6,Testing Prompt: 0.6846425705366398
613961,gpt-5,3,3,2,4,0,0,1,0,0,1,6,Testing Prompt: 0.6846425705366398
534868,gpt-5,2,1,2,2,0,0,0,0,0,1,6,Testing Prompt: 0.6846425705366398
216965,gpt-5,3,3,2,3,0,1,0,0,0,1,6,Testing Prompt: 0.6846425705366398
525710,gpt-5,4,4,3,4,0,0,1,1,1,0,6,Testing Prompt: 0.6846425705366398
576254,gpt-5,2,3,1,2,0,0,0,0,0,0,6,Testing Prompt: 0.6846425705366398
257325,gpt-5,2,3,4,2,0,0,0,0,0,0,6,Testing Prompt: 0.6846425705366398
529141,gpt-5,1,1,3,2,0,0,0,0,0,0,6,Testing Prompt: 0.6846425705366398
174997,gpt-5,2,1,3,2,0,0,0,1,0,0,6,Testing Prompt: 0.6846425705366398
706907,gpt-5,1,2,2,2,0,0,1,0,1,1,6,Testing Prompt: 0.6846425705366398
555531,gpt-5,2,3,2,2,0,0,0,1,1,1,6,Testing Prompt: 0.6846425705366398
215108,gpt-5,3,3,3,4,0,0,1,0,0,1,6,Testing Prompt: 0.6846425705366398
613126,gpt-5,4,4,3,4,0,0,1,0,0,0,6,Testing Prompt: 0.6846425705366398
551252,gpt-5,2,2,3,3,0,0,0,1,1,1,6,Testing Prompt: 0.6846425705366398
225581,gpt-5,4,4,2,4,1,0,1,1,1,0,6,Testing Prompt: 0.6846425705366398
600997,gpt-5,4,4,2,4,0,0,1,1,1,1,6,Testing Prompt: 0.6846425705366398
184927,gpt-5,3,4,3,4,0,0,1,0,0,1,6,Testing Prompt: 0.6846425705366398
546578,gpt-5,2,1,1,2,0,0,0,0,0,0,6,Testing Prompt: 0.6846425705366398
543094,gpt-5,4,4,4,2,0,0,0,0,0,0,6,Testing Prompt: 0.6846425705366398
545047,gpt-5,3,3,3,2,0,0,0,1,1,0,6,Testing Prompt: 0.6846425705366398
167524,gpt-5,2,1,3,2,0,0,0,0,0,0,6,Testing Prompt: 0.6846425705366398
242085,gpt-5,2,2,1,3,0,0,1,1,0,0,6,Testing Prompt: 0.6846425705366398
264262,gpt-5,1,1,1,2,0,0,0,0,0,0,6,Testing Prompt: 0.6846425705366398
511739,gpt-5,2,1,1,1,0,0,0,0,0,0,6,Testing Prompt: 0.6846425705366398
512243,gpt-5,2,1,4,2,0,0,0,0,0,0,6,Testing Prompt: 0.6846425705366398
556668,gpt-5,2,1,4,2,0,0,1,0,1,1,6,Testing Prompt: 0.6846425705366398
238025,gpt-5,4,4,1,4,0,0,1,1,0,0,6,Testing Prompt: 0.6846425705366398
291285,gpt-5,4,4,3,4,0,0,1,1,0,0,6,Testing Prompt: 0.6846425705366398
188529,gpt-5,2,1,1,2,0,0,0,0,1,0,6,Testing Prompt: 0.6846425705366398
546868,gpt-5,2,3,3,3,0,0,0,0,0,0,6,Testing Prompt: 0.6846425705366398
282284,gpt-5,2,1,2,2,0,0,0,0,0,0,6,Testing Prompt: 0.6846425705366398
529099,gpt-5,2,1,3,3,0,0,0,0,0,0,6,Testing Prompt: 0.6846425705366398
543229,gpt-5,2,1,3,3,0,0,1,0,0,0,6,Testing Prompt: 0.6846425705366398
607920,gpt-5,2,1,3,3,0,0,0,0,0,1,6,Testing Prompt: 0.6846425705366398
505173,gpt-5,2,1,4,3,0,0,0,1,1,1,6,Testing Prompt: 0.6846425705366398
703584,gpt-5,2,1,1,2,0,0,1,0,0,1,6,Testing Prompt: 0.6846425705366398
601747,gpt-5,2,1,1,2,0,0,0,0,1,0,6,Testing Prompt: 0.6846425705366398
614816,gpt-5,2,1,4,3,0,0,0,0,1,0,6,Testing Prompt: 0.6846425705366398
561604,gpt-5,2,3,1,3,0,0,0,1,0,0,6,Testing Prompt: 0.6846425705366398
581720,gpt-5,4,4,3,4,1,0,1,0,0,1,6,Testing Prompt: 0.6846425705366398
558582,gpt-5,2,1,3,2,0,0,0,0,0,0,6,Testing Prompt: 0.6846425705366398
506571,gpt-5,4,3,3,4,0,0,1,1,0,1,6,Testing Prompt: 0.6846425705366398
564167,gpt-5,3,4,1,3,1,0,1,1,1,1,6,Testing Prompt: 0.6846425705366398
238271,gpt-5,2,1,4,3,0,0,1,0,0,1,6,Testing Prompt: 0.6846425705366398
505194,gpt-5,2,2,3,3,0,0,0,0,0,0,6,Testing Prompt: 0.6846425705366398
600843,gpt-5,2,2,3,2,0,0,0,0,0,0,6,Testing Prompt: 0.6846425705366398
590085,gpt-5,3,3,1,4,0,0,1,1,1,0,6,Testing Prompt: 0.6846425705366398
601728,gpt-5,2,3,1,2,0,0,1,0,1,0,6,Testing Prompt: 0.6846425705366398
240687,gpt-5,2,3,3,2,0,0,1,0,1,1,6,Testing Prompt: 0.6846425705366398
211283,gpt-5,2,3,4,3,0,0,0,0,0,0,6,Testing Prompt: 0.6846425705366398
248731,gpt-5,2,3,4,3,0,0,1,0,1,1,6,Testing Prompt: 0.6846425705366398
226773,gpt-5,2,2,4,3,0,0,0,0,1,1,6,Testing Prompt: 0.6846425705366398
249730,gpt-5,2,1,1,1,0,0,0,0,0,0,6,Testing Prompt: 0.6846425705366398
573597,gpt-5,3,3,1,4,0,0,1,0,1,0,6,Testing Prompt: 0.6846425705366398
630563,gpt-5,2,3,4,2,0,0,0,0,0,0,6,Testing Prompt: 0.6846425705366398
274347,gpt-5,3,4,4,4,0,0,1,0,0,0,6,Testing Prompt: 0.6846425705366398
584423,gpt-5,2,3,3,2,0,0,0,0,0,1,6,Testing Prompt: 0.6846425705366398
640700,gpt-5,3,3,1,4,0,0,1,1,0,0,6,Testing Prompt: 0.6846425705366398
172253,gpt-5,2,3,4,1,0,0,0,0,0,1,6,Testing Prompt: 0.6846425705366398
580333,gpt-5,2,1,1,1,0,0,0,0,1,1,6,Testing Prompt: 0.6846425705366398
217052,gpt-5,2,1,2,1,0,1,0,0,0,1,6,Testing Prompt: 0.6846425705366398
644531,gpt-5,2,3,3,3,0,0,1,1,0,1,6,Testing Prompt: 0.6846425705366398
264344,gpt-5,3,3,3,3,0,0,1,0,0,1,6,Testing Prompt: 0.6846425705366398
643006,gpt-5,3,2,3,3,0,0,1,0,0,1,6,Testing Prompt: 0.6846425705366398
735055,gpt-5,3,4,3,3,0,0,0,1,0,1,6,Testing Prompt: 0.6846425705366398
242166,gpt-5,2,1,3,2,0,0,0,0,0,1,6,Testing Prompt: 0.6846425705366398
704786,gpt-5,3,4,1,2,0,0,1,1,1,0,6,Testing Prompt: 0.6846425705366398
561983,gpt-5,3,3,1,3,1,0,1,1,1,1,6,Testing Prompt: 0.6846425705366398
632387,gpt-5,2,2,3,2,0,0,0,0,0,0,6,Testing Prompt: 0.6846425705366398
534553,gpt-5,3,3,1,3,0,0,1,1,0,0,6,Testing Prompt: 0.6846425705366398
530371,gpt-5,4,4,1,4,0,0,1,1,0,0,6,Testing Prompt: 0.6846425705366398
207524,gpt-5,3,4,3,3,0,0,1,0,1,0,6,Testing Prompt: 0.6846425705366398
700128,gpt-5,1,3,2,1,0,0,0,0,0,0,6,Testing Prompt: 0.6846425705366398
264478,gpt-5,2,2,3,2,0,0,0,0,0,0,6,Testing Prompt: 0.6846425705366398
211179,gpt-5,2,1,1,2,0,0,0,1,0,0,6,Testing Prompt: 0.6846425705366398
266177,gpt-5,2,2,4,2,0,0,0,0,0,0,6,Testing Prompt: 0.6846425705366398
585389,gpt-5,3,2,3,2,0,0,1,0,1,1,6,Testing Prompt: 0.6846425705366398
247482,gpt-5,3,3,4,3,0,0,1,1,1,1,6,Testing Prompt: 0.6846425705366398
253693,gpt-5,3,3,4,3,0,0,1,0,1,1,6,Testing Prompt: 0.6846425705366398
232366,gpt-5,3,3,1,3,0,0,1,0,0,0,6,Testing Prompt: 0.6846425705366398
591948,gpt-5,3,3,3,2,0,0,1,0,1,1,6,Testing Prompt: 0.6846425705366398
717614,gpt-5,2,2,3,2,0,0,0,0,0,0,6,Testing Prompt: 0.6846425705366398
257040,gpt-5,3,3,4,3,0,0,1,0,0,1,6,Testing Prompt: 0.6846425705366398
293411,gpt-5,2,1,3,2,1,0,0,0,0,0,6,Testing Prompt: 0.6846425705366398
588075,gpt-5,2,2,3,2,0,0,0,0,0,0,6,Testing Prompt: 0.6846425705366398
195235,gpt-5,3,3,4,2,0,0,1,0,0,0,6,Testing Prompt: 0.6846425705366398
248896,gpt-5,3,4,3,3,0,0,1,0,0,0,6,Testing Prompt: 0.6846425705366398
628747,gpt-5,2,1,3,2,0,0,0,0,0,0,6,Testing Prompt: 0.6846425705366398
615578,gpt-5,4,3,3,4,1,0,1,1,1,1,6,Testing Prompt: 0.6846425705366398
641013,gpt-5,3,2,3,2,0,0,0,0,1,1,6,Testing Prompt: 0.6846425705366398
208682,gpt-5,2,1,4,3,0,0,0,1,0,1,6,Testing Prompt: 0.6846425705366398
219176,gpt-5,3,4,3,4,0,1,1,1,1,0,6,Testing Prompt: 0.6846425705366398
244029,gpt-5,4,4,4,4,0,0,1,0,1,0,6,Testing Prompt: 0.6846425705366398
263413,gpt-5,4,4,4,4,0,0,1,1,1,0,6,Testing Prompt: 0.6846425705366398
503131,gpt-5,2,4,1,2,0,0,0,0,0,1,6,Testing Prompt: 0.6846425705366398
586617,gpt-5,3,3,4,4,0,0,1,1,0,0,6,Testing Prompt: 0.6846425705366398
238025,gpt-5,3,4,1,4,0,0,1,1,0,0,7,Testing Prompt: 0.037768684002927655
703584,gpt-5,2,1,1,2,0,0,1,0,0,1,7,Testing Prompt: 0.037768684002927655
264262,gpt-5,1,1,1,2,0,0,0,0,0,0,7,Testing Prompt: 0.037768684002927655
257325,gpt-5,2,4,4,2,0,0,0,0,0,1,7,Testing Prompt: 0.037768684002927655
511739,gpt-5,1,1,1,1,0,0,0,0,0,1,7,Testing Prompt: 0.037768684002927655
717614,gpt-5,1,1,3,2,0,0,0,0,0,0,7,Testing Prompt: 0.037768684002927655
208682,gpt-5,2,1,4,3,0,0,1,0,0,1,7,Testing Prompt: 0.037768684002927655
249730,gpt-5,2,1,3,2,0,0,0,0,0,0,7,Testing Prompt: 0.037768684002927655
644531,gpt-5,3,4,3,2,0,0,1,0,0,1,7,Testing Prompt: 0.037768684002927655
219176,gpt-5,3,3,3,4,0,0,1,1,1,0,7,Testing Prompt: 0.037768684002927655
601728,gpt-5,2,3,1,3,0,0,1,0,1,0,7,Testing Prompt: 0.037768684002927655
503131,gpt-5,2,4,1,2,0,0,0,0,1,1,7,Testing Prompt: 0.037768684002927655
640700,gpt-5,3,3,1,4,0,0,1,1,0,0,7,Testing Prompt: 0.037768684002927655
643006,gpt-5,3,3,3,4,0,0,1,0,1,1,7,Testing Prompt: 0.037768684002927655
207845,gpt-5,2,3,3,2,1,0,0,1,1,1,7,Testing Prompt: 0.037768684002927655
545047,gpt-5,2,3,3,2,0,0,0,1,1,0,7,Testing Prompt: 0.037768684002927655
546868,gpt-5,2,3,3,2,0,0,0,0,0,0,7,Testing Prompt: 0.037768684002927655
253693,gpt-5,2,1,4,2,0,0,0,0,1,0,7,Testing Prompt: 0.037768684002927655
557524,gpt-5,2,1,1,2,0,0,0,0,0,1,7,Testing Prompt: 0.037768684002927655
614816,gpt-5,2,1,4,3,0,0,0,0,1,0,7,Testing Prompt: 0.037768684002927655
172253,gpt-5,2,3,4,2,0,0,0,0,0,1,7,Testing Prompt: 0.037768684002927655
558582,gpt-5,2,1,3,2,0,0,0,0,0,0,7,Testing Prompt: 0.037768684002927655
590085,gpt-5,3,3,1,4,0,0,1,1,1,0,7,Testing Prompt: 0.037768684002927655
225646,gpt-5,2,2,3,3,0,0,0,1,0,0,7,Testing Prompt: 0.037768684002927655
226773,gpt-5,2,1,3,2,0,0,0,0,0,1,7,Testing Prompt: 0.037768684002927655
613961,gpt-5,3,4,1,4,0,0,1,1,0,1,7,Testing Prompt: 0.037768684002927655
551252,gpt-5,2,2,4,3,0,1,0,0,1,1,7,Testing Prompt: 0.037768684002927655
607920,gpt-5,2,1,3,3,0,0,0,0,0,1,7,Testing Prompt: 0.037768684002927655
242085,gpt-5,2,2,1,2,0,0,0,0,0,0,7,Testing Prompt: 0.037768684002927655
248896,gpt-5,2,4,3,2,0,0,0,0,0,0,7,Testing Prompt: 0.037768684002927655
561983,gpt-5,3,3,1,2,1,0,0,1,1,1,7,Testing Prompt: 0.037768684002927655
591948,gpt-5,3,3,3,2,0,0,0,0,0,0,7,Testing Prompt: 0.037768684002927655
242166,gpt-5,2,1,3,2,0,0,0,0,1,0,7,Testing Prompt: 0.037768684002927655
555531,gpt-5,2,2,1,2,0,0,0,0,0,0,7,Testing Prompt: 0.037768684002927655
274347,gpt-5,4,4,4,4,0,0,1,0,0,0,7,Testing Prompt: 0.037768684002927655
573597,gpt-5,3,3,1,4,0,0,1,0,1,0,7,Testing Prompt: 0.037768684002927655
506571,gpt-5,3,4,3,4,0,0,1,1,0,1,7,Testing Prompt: 0.037768684002927655
282284,gpt-5,2,2,3,1,0,0,0,0,0,0,7,Testing Prompt: 0.037768684002927655
704786,gpt-5,3,4,1,3,0,0,1,1,0,0,7,Testing Prompt: 0.037768684002927655
735055,gpt-5,3,3,3,2,0,0,0,0,0,0,7,Testing Prompt: 0.037768684002927655
543094,gpt-5,3,4,4,2,0,0,1,0,0,1,7,Testing Prompt: 0.037768684002927655
575601,gpt-5,3,3,3,3,0,0,1,0,0,1,7,Testing Prompt: 0.037768684002927655
248731,gpt-5,2,2,4,3,0,0,0,1,0,1,7,Testing Prompt: 0.037768684002927655
200051,gpt-5,3,3,1,3,0,0,1,1,0,0,7,Testing Prompt: 0.037768684002927655
512243,gpt-5,2,2,4,2,0,0,0,0,0,1,7,Testing Prompt: 0.037768684002927655
530371,gpt-5,4,4,1,4,0,0,1,1,0,1,7,Testing Prompt: 0.037768684002927655
576254,gpt-5,2,3,1,3,0,0,0,0,0,1,7,Testing Prompt: 0.037768684002927655
195235,gpt-5,3,2,4,2,0,0,1,0,0,1,7,Testing Prompt: 0.037768684002927655
601747,gpt-5,2,1,2,2,0,0,0,0,0,0,7,Testing Prompt: 0.037768684002927655
232366,gpt-5,3,3,1,3,0,0,1,0,1,0,7,Testing Prompt: 0.037768684002927655
266177,gpt-5,2,2,4,3,0,0,0,0,0,1,7,Testing Prompt: 0.037768684002927655
584423,gpt-5,2,3,4,2,0,0,0,0,0,1,7,Testing Prompt: 0.037768684002927655
524784,gpt-5,4,4,4,4,0,0,1,1,1,1,7,Testing Prompt: 0.037768684002927655
188529,gpt-5,2,3,1,3,0,0,1,0,1,0,7,Testing Prompt: 0.037768684002927655
585389,gpt-5,3,2,3,3,0,0,1,0,1,1,7,Testing Prompt: 0.037768684002927655
215108,gpt-5,4,3,4,4,1,0,1,1,1,1,7,Testing Prompt: 0.037768684002927655
534868,gpt-5,2,1,3,2,0,0,0,0,0,1,7,Testing Prompt: 0.037768684002927655
700128,gpt-5,2,3,4,2,0,0,0,0,0,1,7,Testing Prompt: 0.037768684002927655
225577,gpt-5,3,3,4,4,0,0,1,0,1,1,7,Testing Prompt: 0.037768684002927655
561604,gpt-5,3,3,2,3,0,0,0,1,0,0,7,Testing Prompt: 0.037768684002927655
238271,gpt-5,2,1,4,3,0,0,1,0,1,1,7,Testing Prompt: 0.037768684002927655
244029,gpt-5,3,4,3,3,0,0,1,1,0,0,7,Testing Prompt: 0.037768684002927655
264478,gpt-5,2,2,4,2,0,0,0,0,0,0,7,Testing Prompt: 0.037768684002927655
184927,gpt-5,4,4,3,4,0,0,1,0,0,1,7,Testing Prompt: 0.037768684002927655
505173,gpt-5,2,1,4,3,0,0,0,1,1,1,7,Testing Prompt: 0.037768684002927655
216965,gpt-5,2,3,1,3,0,1,0,0,0,1,7,Testing Prompt: 0.037768684002927655
257040,gpt-5,2,2,4,2,0,0,1,0,0,1,7,Testing Prompt: 0.037768684002927655
263413,gpt-5,3,4,2,3,0,0,1,1,1,0,7,Testing Prompt: 0.037768684002927655
218810,gpt-5,2,1,3,2,0,0,1,1,0,0,7,Testing Prompt: 0.037768684002927655
550903,gpt-5,3,3,3,3,1,1,0,0,1,1,7,Testing Prompt: 0.037768684002927655
534553,gpt-5,3,3,1,3,0,0,1,1,0,0,7,Testing Prompt: 0.037768684002927655
291285,gpt-5,4,4,4,4,0,0,1,1,1,1,7,Testing Prompt: 0.037768684002927655
247781,gpt-5,2,3,4,2,0,0,0,0,0,1,7,Testing Prompt: 0.037768684002927655
588075,gpt-5,2,2,3,3,0,0,0,0,0,0,7,Testing Prompt: 0.037768684002927655
600843,gpt-5,2,1,3,2,0,1,0,0,0,0,7,Testing Prompt: 0.037768684002927655
580333,gpt-5,2,1,2,2,0,0,0,0,1,1,7,Testing Prompt: 0.037768684002927655
293411,gpt-5,2,1,2,2,1,1,0,0,0,1,7,Testing Prompt: 0.037768684002927655
207524,gpt-5,3,4,3,3,0,0,1,0,1,0,7,Testing Prompt: 0.037768684002927655
264344,gpt-5,4,4,3,4,0,0,1,0,0,1,7,Testing Prompt: 0.037768684002927655
211179,gpt-5,2,1,1,2,0,0,0,1,0,0,7,Testing Prompt: 0.037768684002927655
613126,gpt-5,3,4,2,2,0,0,1,0,0,0,7,Testing Prompt: 0.037768684002927655
641013,gpt-5,2,2,3,2,0,0,0,0,1,1,7,Testing Prompt: 0.037768684002927655
581720,gpt-5,4,4,3,4,1,0,1,0,0,1,7,Testing Prompt: 0.037768684002927655
525710,gpt-5,3,4,3,4,0,0,1,1,1,1,7,Testing Prompt: 0.037768684002927655
217400,gpt-5,2,1,3,2,0,0,0,0,0,0,7,Testing Prompt: 0.037768684002927655
556668,gpt-5,2,1,4,2,0,0,1,0,1,1,7,Testing Prompt: 0.037768684002927655
248235,gpt-5,3,3,3,4,0,1,1,0,0,0,7,Testing Prompt: 0.037768684002927655
190056,gpt-5,2,1,3,2,1,0,0,0,0,0,7,Testing Prompt: 0.037768684002927655
546578,gpt-5,3,2,1,2,0,0,0,0,0,0,7,Testing Prompt: 0.037768684002927655
225581,gpt-5,4,4,1,3,1,0,1,1,0,0,7,Testing Prompt: 0.037768684002927655
586617,gpt-5,3,3,4,4,0,0,1,1,0,0,7,Testing Prompt: 0.037768684002927655
564167,gpt-5,3,4,2,3,1,0,1,1,1,1,7,Testing Prompt: 0.037768684002927655
529099,gpt-5,2,1,3,2,0,0,0,0,0,0,7,Testing Prompt: 0.037768684002927655
543229,gpt-5,2,1,3,3,0,0,1,0,0,1,7,Testing Prompt: 0.037768684002927655
529141,gpt-5,1,1,3,1,0,0,0,0,0,0,7,Testing Prompt: 0.037768684002927655
632387,gpt-5,1,1,3,2,0,0,0,0,0,0,7,Testing Prompt: 0.037768684002927655
628747,gpt-5,1,1,3,1,0,0,0,0,0,0,7,Testing Prompt: 0.037768684002927655
600997,gpt-5,4,4,1,4,0,0,1,1,1,1,7,Testing Prompt: 0.037768684002927655
167524,gpt-5,2,1,1,2,0,0,0,0,0,0,7,Testing Prompt: 0.037768684002927655
263864,gpt-5,2,1,1,3,0,0,0,0,0,1,7,Testing Prompt: 0.037768684002927655
704896,gpt-5,2,1,1,2,0,0,0,1,0,0,7,Testing Prompt: 0.037768684002927655
706907,gpt-5,2,3,3,3,0,0,1,0,1,1,7,Testing Prompt: 0.037768684002927655
231173,gpt-5,4,4,3,3,0,0,1,0,0,1,7,Testing Prompt: 0.037768684002927655
247482,gpt-5,2,3,4,2,0,0,1,0,1,0,7,Testing Prompt: 0.037768684002927655
215179,gpt-5,2,1,3,2,0,0,0,0,0,0,7,Testing Prompt: 0.037768684002927655
528543,gpt-5,3,3,2,3,0,0,0,0,0,1,7,Testing Prompt: 0.037768684002927655
505194,gpt-5,2,2,3,3,0,0,0,0,0,0,7,Testing Prompt: 0.037768684002927655
217052,gpt-5,1,1,2,1,0,1,0,0,0,0,7,Testing Prompt: 0.037768684002927655
211283,gpt-5,2,3,3,3,0,0,0,0,0,0,7,Testing Prompt: 0.037768684002927655
630563,gpt-5,2,3,4,2,0,0,0,0,0,0,7,Testing Prompt: 0.037768684002927655
174997,gpt-5,2,1,3,2,0,0,0,1,0,0,7,Testing Prompt: 0.037768684002927655
615578,gpt-5,4,3,3,4,1,0,1,1,1,1,7,Testing Prompt: 0.037768684002927655
240687,gpt-5,2,3,3,3,0,0,1,0,1,0,7,Testing Prompt: 0.037768684002927655
706907,gpt-5,2,2,2,2,0,0,1,0,1,1,8,Testing Prompt: 0.6111309051720553
225577,gpt-5,3,3,4,3,0,0,0,0,1,0,8,Testing Prompt: 0.6111309051720553
274347,gpt-5,4,4,4,4,0,0,1,0,0,0,8,Testing Prompt: 0.6111309051720553
195235,gpt-5,2,3,3,2,0,0,1,0,0,0,8,Testing Prompt: 0.6111309051720553
505194,gpt-5,2,2,3,3,0,0,0,0,1,0,8,Testing Prompt: 0.6111309051720553
575601,gpt-5,2,3,3,2,0,0,1,0,0,0,8,Testing Prompt: 0.6111309051720553
512243,gpt-5,2,1,3,2,0,0,0,0,0,0,8,Testing Prompt: 0.6111309051720553
558582,gpt-5,1,1,3,2,0,0,0,0,0,0,8,Testing Prompt: 0.6111309051720553
190056,gpt-5,2,1,3,2,1,0,0,0,0,0,8,Testing Prompt: 0.6111309051720553
644531,gpt-5,3,3,3,3,0,0,1,1,0,1,8,Testing Prompt: 0.6111309051720553
556668,gpt-5,2,1,4,2,0,0,0,0,1,1,8,Testing Prompt: 0.6111309051720553
217400,gpt-5,2,1,3,3,0,0,0,0,0,0,8,Testing Prompt: 0.6111309051720553
217052,gpt-5,1,1,2,1,0,1,0,0,0,1,8,Testing Prompt: 0.6111309051720553
551252,gpt-5,3,3,4,3,0,1,1,1,1,1,8,Testing Prompt: 0.6111309051720553
207845,gpt-5,2,3,3,2,1,0,0,1,1,1,8,Testing Prompt: 0.6111309051720553
601747,gpt-5,1,1,1,2,0,0,0,0,1,0,8,Testing Prompt: 0.6111309051720553
590085,gpt-5,3,3,1,4,0,0,1,1,1,0,8,Testing Prompt: 0.6111309051720553
576254,gpt-5,2,3,1,2,0,0,0,0,0,0,8,Testing Prompt: 0.6111309051720553
264262,gpt-5,1,1,1,2,0,0,0,0,0,0,8,Testing Prompt: 0.6111309051720553
211179,gpt-5,2,1,1,2,0,0,0,1,0,0,8,Testing Prompt: 0.6111309051720553
219176,gpt-5,3,3,3,3,0,1,1,1,1,0,8,Testing Prompt: 0.6111309051720553
282284,gpt-5,2,1,3,2,0,0,0,0,0,0,8,Testing Prompt: 0.6111309051720553
643006,gpt-5,3,3,3,3,0,0,1,0,0,1,8,Testing Prompt: 0.6111309051720553
534868,gpt-5,2,1,2,2,0,0,0,0,0,1,8,Testing Prompt: 0.6111309051720553
534553,gpt-5,3,3,1,3,0,0,1,1,0,0,8,Testing Prompt: 0.6111309051720553
525710,gpt-5,3,4,3,4,0,0,1,1,1,0,8,Testing Prompt: 0.6111309051720553
172253,gpt-5,2,3,3,2,0,0,0,0,0,0,8,Testing Prompt: 0.6111309051720553
550903,gpt-5,3,3,3,3,0,0,1,0,1,1,8,Testing Prompt: 0.6111309051720553
561983,gpt-5,3,3,1,2,1,0,0,1,1,1,8,Testing Prompt: 0.6111309051720553
615578,gpt-5,3,3,3,3,1,0,1,1,1,1,8,Testing Prompt: 0.6111309051720553
505173,gpt-5,2,1,4,3,0,0,0,1,1,1,8,Testing Prompt: 0.6111309051720553
546868,gpt-5,2,3,3,3,0,0,0,0,0,0,8,Testing Prompt: 0.6111309051720553
263413,gpt-5,3,4,2,3,0,0,1,1,1,0,8,Testing Prompt: 0.6111309051720553
247482,gpt-5,2,3,3,2,0,0,1,1,1,0,8,Testing Prompt: 0.6111309051720553
242085,gpt-5,2,2,1,2,0,0,1,1,0,0,8,Testing Prompt: 0.6111309051720553
211283,gpt-5,3,3,3,3,0,0,0,0,1,1,8,Testing Prompt: 0.6111309051720553
242166,gpt-5,2,1,3,2,0,0,0,0,1,1,8,Testing Prompt: 0.6111309051720553
257040,gpt-5,3,3,3,3,0,0,1,0,0,1,8,Testing Prompt: 0.6111309051720553
557524,gpt-5,2,1,3,2,0,0,0,1,0,1,8,Testing Prompt: 0.6111309051720553
735055,gpt-5,3,3,3,3,0,0,0,0,1,1,8,Testing Prompt: 0.6111309051720553
215179,gpt-5,2,1,1,1,0,0,0,0,0,1,8,Testing Prompt: 0.6111309051720553
174997,gpt-5,2,1,3,3,0,0,0,1,0,0,8,Testing Prompt: 0.6111309051720553
717614,gpt-5,2,2,3,2,0,0,0,0,0,0,8,Testing Prompt: 0.6111309051720553
632387,gpt-5,2,2,3,3,0,0,0,0,0,0,8,Testing Prompt: 0.6111309051720553
530371,gpt-5,4,4,3,4,0,0,1,1,0,0,8,Testing Prompt: 0.6111309051720553
188529,gpt-5,2,1,1,2,0,0,1,0,1,0,8,Testing Prompt: 0.6111309051720553
244029,gpt-5,4,4,4,4,0,0,1,1,1,0,8,Testing Prompt: 0.6111309051720553
200051,gpt-5,3,3,1,2,0,0,1,1,0,0,8,Testing Prompt: 0.6111309051720553
225581,gpt-5,4,4,3,4,1,0,1,1,1,1,8,Testing Prompt: 0.6111309051720553
248731,gpt-5,2,3,4,3,0,0,0,0,1,1,8,Testing Prompt: 0.6111309051720553
218810,gpt-5,2,1,3,2,0,0,1,1,0,0,8,Testing Prompt: 0.6111309051720553
506571,gpt-5,3,3,3,4,0,0,1,1,0,1,8,Testing Prompt: 0.6111309051720553
225646,gpt-5,3,2,3,3,0,0,0,1,0,1,8,Testing Prompt: 0.6111309051720553
524784,gpt-5,3,1,3,3,0,0,0,0,0,1,8,Testing Prompt: 0.6111309051720553
607920,gpt-5,2,1,2,3,0,0,0,0,0,1,8,Testing Prompt: 0.6111309051720553
703584,gpt-5,3,2,2,2,0,0,1,0,0,1,8,Testing Prompt: 0.6111309051720553
614816,gpt-5,3,1,4,4,0,0,0,0,1,1,8,Testing Prompt: 0.6111309051720553
232366,gpt-5,2,3,1,2,0,0,1,0,0,0,8,Testing Prompt: 0.6111309051720553
543094,gpt-5,3,4,4,2,0,0,1,0,0,1,8,Testing Prompt: 0.6111309051720553
257325,gpt-5,3,3,4,3,0,0,0,0,0,1,8,Testing Prompt: 0.6111309051720553
555531,gpt-5,2,3,3,2,0,0,0,0,0,0,8,Testing Prompt: 0.6111309051720553
640700,gpt-5,3,3,1,3,0,0,1,1,0,0,8,Testing Prompt: 0.6111309051720553
231173,gpt-5,4,4,4,3,0,0,1,0,0,1,8,Testing Prompt: 0.6111309051720553
600997,gpt-5,4,4,1,4,0,0,1,1,1,1,8,Testing Prompt: 0.6111309051720553
704786,gpt-5,3,3,1,2,0,0,1,1,1,0,8,Testing Prompt: 0.6111309051720553
641013,gpt-5,2,2,3,2,0,0,0,0,1,1,8,Testing Prompt: 0.6111309051720553
263864,gpt-5,3,3,1,3,0,0,1,0,0,1,8,Testing Prompt: 0.6111309051720553
238025,gpt-5,4,4,1,3,0,0,1,0,0,0,8,Testing Prompt: 0.6111309051720553
573597,gpt-5,3,3,1,3,0,0,1,0,1,1,8,Testing Prompt: 0.6111309051720553
528543,gpt-5,3,3,1,2,0,0,0,0,0,1,8,Testing Prompt: 0.6111309051720553
561604,gpt-5,2,2,1,2,0,0,0,1,0,0,8,Testing Prompt: 0.6111309051720553
253693,gpt-5,2,1,4,2,0,0,0,0,1,0,8,Testing Prompt: 0.6111309051720553
238271,gpt-5,3,2,4,3,0,0,1,0,1,1,8,Testing Prompt: 0.6111309051720553
529099,gpt-5,2,1,3,2,0,0,0,0,0,0,8,Testing Prompt: 0.6111309051720553
249730,gpt-5,1,1,1,1,0,0,0,0,0,0,8,Testing Prompt: 0.6111309051720553
503131,gpt-5,2,4,1,2,0,0,0,0,0,0,8,Testing Prompt: 0.6111309051720553
545047,gpt-5,2,3,3,2,0,0,0,1,1,0,8,Testing Prompt: 0.6111309051720553
585389,gpt-5,2,1,3,2,0,0,0,0,1,0,8,Testing Prompt: 0.6111309051720553
215108,gpt-5,3,3,3,4,0,0,1,0,0,1,8,Testing Prompt: 0.6111309051720553
248896,gpt-5,2,3,3,2,0,0,0,0,0,0,8,Testing Prompt: 0.6111309051720553
543229,gpt-5,3,3,3,3,0,0,1,0,0,0,8,Testing Prompt: 0.6111309051720553
613126,gpt-5,4,4,2,3,0,0,1,0,0,1,8,Testing Prompt: 0.6111309051720553
628747,gpt-5,2,1,3,2,0,0,0,0,0,0,8,Testing Prompt: 0.6111309051720553
264344,gpt-5,3,3,3,3,0,0,1,0,0,0,8,Testing Prompt: 0.6111309051720553
167524,gpt-5,2,1,1,2,0,0,0,0,0,1,8,Testing Prompt: 0.6111309051720553
529141,gpt-5,2,1,3,2,0,0,0,0,0,0,8,Testing Prompt: 0.6111309051720553
586617,gpt-5,3,3,4,4,0,0,1,1,0,0,8,Testing Prompt: 0.6111309051720553
208682,gpt-5,2,1,4,3,0,0,1,0,0,1,8,Testing Prompt: 0.6111309051720553
266177,gpt-5,2,1,4,3,0,0,0,0,0,1,8,Testing Prompt: 0.6111309051720553
630563,gpt-5,2,3,3,2,0,0,0,0,0,1,8,Testing Prompt: 0.6111309051720553
216965,gpt-5,3,3,2,3,0,1,0,0,0,1,8,Testing Prompt: 0.6111309051720553
580333,gpt-5,2,1,2,2,0,0,0,0,0,1,8,Testing Prompt: 0.6111309051720553
240687,gpt-5,3,4,3,3,0,0,1,0,1,1,8,Testing Prompt: 0.6111309051720553
291285,gpt-5,3,4,4,4,0,0,1,1,0,1,8,Testing Prompt: 0.6111309051720553
293411,gpt-5,2,1,3,2,1,0,0,0,0,1,8,Testing Prompt: 0.6111309051720553
247781,gpt-5,2,3,3,2,0,0,0,0,0,1,8,Testing Prompt: 0.6111309051720553
613961,gpt-5,3,3,2,3,0,0,1,0,0,1,8,Testing Prompt: 0.6111309051720553
511739,gpt-5,1,1,1,1,0,0,0,0,0,1,8,Testing Prompt: 0.6111309051720553
601728,gpt-5,3,3,1,3,0,0,0,0,1,0,8,Testing Prompt: 0.6111309051720553
564167,gpt-5,3,3,1,4,1,0,1,1,1,1,8,Testing Prompt: 0.6111309051720553
546578,gpt-5,2,1,1,2,0,0,0,0,0,0,8,Testing Prompt: 0.6111309051720553
704896,gpt-5,2,2,1,3,0,0,0,1,0,0,8,Testing Prompt: 0.6111309051720553
700128,gpt-5,2,3,3,1,0,0,0,0,0,0,8,Testing Prompt: 0.6111309051720553
588075,gpt-5,2,2,3,2,0,0,0,0,0,0,8,Testing Prompt: 0.6111309051720553
581720,gpt-5,4,4,3,4,1,0,1,0,0,1,8,Testing Prompt: 0.6111309051720553
226773,gpt-5,2,2,3,3,0,0,0,0,0,1,8,Testing Prompt: 0.6111309051720553
591948,gpt-5,2,3,3,1,0,0,0,0,0,0,8,Testing Prompt: 0.6111309051720553
207524,gpt-5,3,4,3,3,0,0,1,0,0,0,8,Testing Prompt: 0.6111309051720553
584423,gpt-5,2,3,3,1,0,0,0,0,0,0,8,Testing Prompt: 0.6111309051720553
600843,gpt-5,2,3,3,2,0,0,0,0,0,0,8,Testing Prompt: 0.6111309051720553
184927,gpt-5,3,4,3,4,0,0,1,0,0,1,8,Testing Prompt: 0.6111309051720553
248235,gpt-5,3,3,3,4,0,1,1,0,0,1,8,Testing Prompt: 0.6111309051720553
264478,gpt-5,2,2,3,3,0,0,0,0,0,0,8,Testing Prompt: 0.6111309051720553
172253,gpt-5,2,3,4,1,0,0,0,0,0,1,9,Testing Prompt: 0.6088160082415465
530371,gpt-5,4,3,3,4,0,0,1,1,0,0,9,Testing Prompt: 0.6088160082415465
184927,gpt-5,3,3,4,3,0,0,1,1,0,1,9,Testing Prompt: 0.6088160082415465
561604,gpt-5,2,2,1,2,0,0,0,1,0,0,9,Testing Prompt: 0.6088160082415465
704786,gpt-5,3,4,1,3,0,0,1,1,1,0,9,Testing Prompt: 0.6088160082415465
614816,gpt-5,2,1,4,3,0,0,0,0,1,0,9,Testing Prompt: 0.6088160082415465
575601,gpt-5,2,4,4,2,0,0,1,0,0,1,9,Testing Prompt: 0.6088160082415465
225581,gpt-5,3,4,2,3,1,0,1,1,1,1,9,Testing Prompt: 0.6088160082415465
244029,gpt-5,4,4,4,4,0,0,1,0,1,0,9,Testing Prompt: 0.6088160082415465
506571,gpt-5,3,3,3,3,0,0,1,1,0,0,9,Testing Prompt: 0.6088160082415465
584423,gpt-5,2,3,4,2,0,0,0,0,0,1,9,Testing Prompt: 0.6088160082415465
555531,gpt-5,2,2,3,2,0,0,0,0,1,1,9,Testing Prompt: 0.6088160082415465
167524,gpt-5,2,1,3,1,0,0,0,0,0,1,9,Testing Prompt: 0.6088160082415465
613961,gpt-5,3,3,3,3,0,0,1,1,0,1,9,Testing Prompt: 0.6088160082415465
561983,gpt-5,2,3,1,2,1,0,0,1,1,1,9,Testing Prompt: 0.6088160082415465
195235,gpt-5,2,3,3,2,0,0,1,0,0,1,9,Testing Prompt: 0.6088160082415465
247781,gpt-5,2,4,3,2,0,0,0,0,0,1,9,Testing Prompt: 0.6088160082415465
543229,gpt-5,3,2,3,3,0,0,1,0,0,1,9,Testing Prompt: 0.6088160082415465
613126,gpt-5,4,4,4,4,0,0,1,0,1,1,9,Testing Prompt: 0.6088160082415465
588075,gpt-5,2,3,3,2,0,0,0,0,0,0,9,Testing Prompt: 0.6088160082415465
207524,gpt-5,3,4,3,3,0,0,1,0,0,0,9,Testing Prompt: 0.6088160082415465
556668,gpt-5,2,1,4,2,0,0,1,0,1,1,9,Testing Prompt: 0.6088160082415465
266177,gpt-5,2,2,4,2,0,0,0,0,0,1,9,Testing Prompt: 0.6088160082415465
512243,gpt-5,2,1,4,2,0,0,0,0,0,1,9,Testing Prompt: 0.6088160082415465
231173,gpt-5,4,4,4,4,0,0,1,0,0,1,9,Testing Prompt: 0.6088160082415465
225577,gpt-5,2,3,4,3,0,0,0,0,1,0,9,Testing Prompt: 0.6088160082415465
211179,gpt-5,2,1,1,2,0,0,0,1,0,0,9,Testing Prompt: 0.6088160082415465
534553,gpt-5,3,3,1,4,0,0,1,1,0,0,9,Testing Prompt: 0.6088160082415465
628747,gpt-5,2,1,3,2,0,0,0,0,0,1,9,Testing Prompt: 0.6088160082415465
282284,gpt-5,2,1,4,2,0,0,0,0,0,1,9,Testing Prompt: 0.6088160082415465
249730,gpt-5,2,1,3,2,0,0,0,0,0,0,9,Testing Prompt: 0.6088160082415465
253693,gpt-5,3,1,4,3,0,0,0,0,1,1,9,Testing Prompt: 0.6088160082415465
735055,gpt-5,3,3,3,3,0,0,0,1,0,1,9,Testing Prompt: 0.6088160082415465
601728,gpt-5,3,4,3,3,0,0,1,0,1,0,9,Testing Prompt: 0.6088160082415465
511739,gpt-5,2,1,1,1,0,0,0,0,0,1,9,Testing Prompt: 0.6088160082415465
640700,gpt-5,3,4,1,3,0,0,1,1,0,0,9,Testing Prompt: 0.6088160082415465
174997,gpt-5,2,1,3,3,0,0,0,0,0,0,9,Testing Prompt: 0.6088160082415465
630563,gpt-5,2,4,3,2,0,0,0,0,0,1,9,Testing Prompt: 0.6088160082415465
550903,gpt-5,3,3,3,4,0,1,1,0,1,1,9,Testing Prompt: 0.6088160082415465
242166,gpt-5,2,1,3,2,0,0,0,0,1,1,9,Testing Prompt: 0.6088160082415465
585389,gpt-5,2,1,3,2,0,0,0,0,1,0,9,Testing Prompt: 0.6088160082415465
534868,gpt-5,2,1,3,2,0,0,0,0,0,1,9,Testing Prompt: 0.6088160082415465
600843,gpt-5,2,3,3,3,0,0,0,0,0,0,9,Testing Prompt: 0.6088160082415465
529141,gpt-5,2,1,3,2,0,0,0,0,0,0,9,Testing Prompt: 0.6088160082415465
704896,gpt-5,2,1,1,3,0,0,0,1,0,0,9,Testing Prompt: 0.6088160082415465
264344,gpt-5,4,4,3,4,0,0,1,0,0,0,9,Testing Prompt: 0.6088160082415465
557524,gpt-5,2,1,1,2,0,0,0,0,0,1,9,Testing Prompt: 0.6088160082415465
581720,gpt-5,4,4,3,4,1,0,1,0,1,1,9,Testing Prompt: 0.6088160082415465
291285,gpt-5,4,4,3,4,0,0,1,1,0,1,9,Testing Prompt: 0.6088160082415465
591948,gpt-5,2,3,3,2,0,0,0,0,0,0,9,Testing Prompt: 0.6088160082415465
211283,gpt-5,2,3,3,3,0,0,0,0,0,0,9,Testing Prompt: 0.6088160082415465
263413,gpt-5,4,4,1,4,0,0,1,1,1,1,9,Testing Prompt: 0.6088160082415465
641013,gpt-5,2,2,3,2,0,0,0,0,1,1,9,Testing Prompt: 0.6088160082415465
551252,gpt-5,2,3,4,3,0,0,0,1,1,1,9,Testing Prompt: 0.6088160082415465
580333,gpt-5,2,1,2,2,0,0,0,0,0,1,9,Testing Prompt: 0.6088160082415465
240687,gpt-5,2,4,3,3,0,0,1,0,1,1,9,Testing Prompt: 0.6088160082415465
564167,gpt-5,3,4,1,4,1,0,1,1,1,1,9,Testing Prompt: 0.6088160082415465
200051,gpt-5,4,4,1,4,0,0,1,1,0,0,9,Testing Prompt: 0.6088160082415465
264478,gpt-5,2,3,3,3,0,0,0,0,0,0,9,Testing Prompt: 0.6088160082415465
558582,gpt-5,1,1,3,2,0,0,0,0,0,0,9,Testing Prompt: 0.6088160082415465
247482,gpt-5,2,3,3,2,0,0,1,1,1,0,9,Testing Prompt: 0.6088160082415465
528543,gpt-5,4,4,1,4,0,0,0,0,0,0,9,Testing Prompt: 0.6088160082415465
706907,gpt-5,2,3,3,3,0,0,1,0,1,1,9,Testing Prompt: 0.6088160082415465
190056,gpt-5,2,2,3,2,1,0,0,0,0,0,9,Testing Prompt: 0.6088160082415465
543094,gpt-5,3,4,4,2,0,0,0,0,0,0,9,Testing Prompt: 0.6088160082415465
242085,gpt-5,3,2,1,3,0,0,1,1,0,0,9,Testing Prompt: 0.6088160082415465
263864,gpt-5,4,3,3,4,0,0,0,1,0,1,9,Testing Prompt: 0.6088160082415465
219176,gpt-5,3,4,3,3,0,1,1,1,1,0,9,Testing Prompt: 0.6088160082415465
601747,gpt-5,2,1,1,2,0,0,0,0,0,0,9,Testing Prompt: 0.6088160082415465
248731,gpt-5,3,2,4,3,0,0,0,0,1,1,9,Testing Prompt: 0.6088160082415465
238025,gpt-5,4,4,1,3,0,0,1,0,0,0,9,Testing Prompt: 0.6088160082415465
225646,gpt-5,3,2,3,3,0,1,0,1,0,0,9,Testing Prompt: 0.6088160082415465
218810,gpt-5,2,1,3,2,0,0,1,1,0,0,9,Testing Prompt: 0.6088160082415465
545047,gpt-5,3,4,4,3,0,0,0,1,0,0,9,Testing Prompt: 0.6088160082415465
264262,gpt-5,2,1,1,2,0,0,0,0,0,0,9,Testing Prompt: 0.6088160082415465
274347,gpt-5,4,4,4,4,0,0,1,0,0,0,9,Testing Prompt: 0.6088160082415465
505194,gpt-5,3,2,3,3,0,0,0,0,0,1,9,Testing Prompt: 0.6088160082415465
600997,gpt-5,4,4,1,4,0,0,1,1,1,1,9,Testing Prompt: 0.6088160082415465
505173,gpt-5,3,2,4,4,0,0,0,1,1,1,9,Testing Prompt: 0.6088160082415465
217052,gpt-5,1,1,1,1,0,1,0,0,0,0,9,Testing Prompt: 0.6088160082415465
703584,gpt-5,2,2,2,1,0,0,1,0,0,1,9,Testing Prompt: 0.6088160082415465
586617,gpt-5,3,2,4,4,0,0,1,1,0,0,9,Testing Prompt: 0.6088160082415465
293411,gpt-5,2,1,3,2,1,1,0,0,0,0,9,Testing Prompt: 0.6088160082415465
188529,gpt-5,2,2,1,2,0,0,1,0,1,0,9,Testing Prompt: 0.6088160082415465
546578,gpt-5,2,2,1,2,0,0,1,0,0,0,9,Testing Prompt: 0.6088160082415465
217400,gpt-5,2,1,1,2,0,0,0,0,0,0,9,Testing Prompt: 0.6088160082415465
546868,gpt-5,2,3,3,3,0,0,0,0,0,0,9,Testing Prompt: 0.6088160082415465
524784,gpt-5,3,3,3,4,0,0,1,0,0,1,9,Testing Prompt: 0.6088160082415465
208682,gpt-5,2,1,3,3,0,0,1,1,0,1,9,Testing Prompt: 0.6088160082415465
207845,gpt-5,2,4,3,2,1,0,0,1,1,1,9,Testing Prompt: 0.6088160082415465
717614,gpt-5,2,1,3,3,0,0,0,0,0,0,9,Testing Prompt: 0.6088160082415465
529099,gpt-5,2,1,3,3,0,0,0,0,0,0,9,Testing Prompt: 0.6088160082415465
576254,gpt-5,2,3,1,2,0,0,0,0,0,0,9,Testing Prompt: 0.6088160082415465
216965,gpt-5,4,4,1,4,0,0,1,0,1,1,9,Testing Prompt: 0.6088160082415465
503131,gpt-5,2,3,1,1,0,0,0,0,1,1,9,Testing Prompt: 0.6088160082415465
632387,gpt-5,2,1,3,2,0,0,0,0,0,0,9,Testing Prompt: 0.6088160082415465
248896,gpt-5,3,3,3,3,0,0,1,0,0,1,9,Testing Prompt: 0.6088160082415465
215108,gpt-5,3,3,4,4,0,0,1,0,0,1,9,Testing Prompt: 0.6088160082415465
257040,gpt-5,2,3,3,3,0,0,1,0,0,1,9,Testing Prompt: 0.6088160082415465
248235,gpt-5,4,4,3,4,0,1,1,1,0,1,9,Testing Prompt: 0.6088160082415465
238271,gpt-5,2,1,4,2,0,0,1,0,0,1,9,Testing Prompt: 0.6088160082415465
232366,gpt-5,3,3,1,2,0,0,1,0,0,0,9,Testing Prompt: 0.6088160082415465
700128,gpt-5,2,3,3,1,0,0,0,0,0,0,9,Testing Prompt: 0.6088160082415465
590085,gpt-5,3,4,1,4,0,0,1,1,1,0,9,Testing Prompt: 0.6088160082415465
643006,gpt-5,3,3,4,3,0,0,1,0,0,1,9,Testing Prompt: 0.6088160082415465
525710,gpt-5,3,4,3,4,0,0,1,1,1,1,9,Testing Prompt: 0.6088160082415465
607920,gpt-5,2,1,3,2,0,0,0,0,0,1,9,Testing Prompt: 0.6088160082415465
257325,gpt-5,3,4,4,3,0,0,0,0,0,1,9,Testing Prompt: 0.6088160082415465
215179,gpt-5,2,1,3,1,0,0,0,0,0,1,9,Testing Prompt: 0.6088160082415465
644531,gpt-5,3,4,3,4,0,0,1,1,0,1,9,Testing Prompt: 0.6088160082415465
226773,gpt-5,2,1,3,3,0,0,1,0,0,0,9,Testing Prompt: 0.6088160082415465
615578,gpt-5,3,3,3,3,1,0,1,1,0,1,9,Testing Prompt: 0.6088160082415465
573597,gpt-5,4,4,1,4,0,0,1,0,1,1,9,Testing Prompt: 0.6088160082415465