record_id,Scorer Name,Goal Orientation,Engagement with Evidence,Collaborative Decision-Making,Strategic Planning,Cultural Responsiveness,Parent/Community Engagement,Academic Achievement,Candidate Experience/Expertise,Evaluation,School Culture Fit,call_number,prompt_name
717614,gpt-4.1-mini,2,1,1,1,0,0,0,0,0,0,0,Testing Prompt: 0.8291980120626296
274347,gpt-4.1-mini,4,4,4,4,0,0,1,0,0,0,0,Testing Prompt: 0.8291980120626296
641013,gpt-4.1-mini,3,2,1,2,0,0,0,0,0,1,0,Testing Prompt: 0.8291980120626296
211283,gpt-4.1-mini,3,3,3,4,0,0,0,0,0,0,0,Testing Prompt: 0.8291980120626296
700128,gpt-4.1-mini,2,1,3,2,0,1,0,0,0,1,0,Testing Prompt: 0.8291980120626296
545047,gpt-4.1-mini,3,1,2,3,0,0,1,1,0,0,0,Testing Prompt: 0.8291980120626296
231173,gpt-4.1-mini,4,4,3,4,0,0,1,0,1,0,0,Testing Prompt: 0.8291980120626296
215108,gpt-4.1-mini,4,4,3,4,0,0,1,1,1,0,0,Testing Prompt: 0.8291980120626296
630563,gpt-4.1-mini,2,3,3,2,0,0,0,0,0,0,0,Testing Prompt: 0.8291980120626296
511739,gpt-4.1-mini,2,1,1,1,0,0,0,0,0,1,0,Testing Prompt: 0.8291980120626296
704896,gpt-4.1-mini,3,2,1,3,0,0,1,1,0,0,0,Testing Prompt: 0.8291980120626296
584423,gpt-4.1-mini,3,3,3,2,0,0,0,0,0,0,0,Testing Prompt: 0.8291980120626296
247482,gpt-4.1-mini,4,3,4,4,0,0,1,1,1,0,0,Testing Prompt: 0.8291980120626296
238025,gpt-4.1-mini,4,4,4,4,0,0,1,1,1,1,0,Testing Prompt: 0.8291980120626296
238271,gpt-4.1-mini,4,2,4,3,0,0,1,0,0,1,0,Testing Prompt: 0.8291980120626296
600997,gpt-4.1-mini,4,4,1,4,0,0,1,1,1,1,0,Testing Prompt: 0.8291980120626296
534553,gpt-4.1-mini,3,1,1,3,0,0,1,0,0,0,0,Testing Prompt: 0.8291980120626296
558582,gpt-4.1-mini,1,1,3,1,0,0,0,0,0,1,0,Testing Prompt: 0.8291980120626296
543229,gpt-4.1-mini,4,3,3,4,0,0,1,0,0,0,0,Testing Prompt: 0.8291980120626296
195235,gpt-4.1-mini,3,3,3,2,0,0,1,0,0,1,0,Testing Prompt: 0.8291980120626296
615578,gpt-4.1-mini,4,3,4,4,1,0,1,1,1,1,0,Testing Prompt: 0.8291980120626296
581720,gpt-4.1-mini,4,3,3,4,1,0,1,0,1,1,0,Testing Prompt: 0.8291980120626296
512243,gpt-4.1-mini,2,2,3,2,0,0,0,0,0,0,0,Testing Prompt: 0.8291980120626296
529099,gpt-4.1-mini,2,2,2,2,0,0,0,0,0,0,0,Testing Prompt: 0.8291980120626296
174997,gpt-4.1-mini,2,1,1,2,0,0,0,0,0,0,0,Testing Prompt: 0.8291980120626296
643006,gpt-4.1-mini,3,3,2,3,0,0,1,1,0,1,0,Testing Prompt: 0.8291980120626296
219176,gpt-4.1-mini,4,3,3,4,0,0,1,1,0,0,0,Testing Prompt: 0.8291980120626296
555531,gpt-4.1-mini,2,2,1,2,0,0,0,0,1,0,0,Testing Prompt: 0.8291980120626296
556668,gpt-4.1-mini,2,2,4,2,0,0,0,0,1,0,0,Testing Prompt: 0.8291980120626296
601747,gpt-4.1-mini,1,1,1,1,0,0,0,0,0,0,0,Testing Prompt: 0.8291980120626296
232366,gpt-4.1-mini,3,3,1,3,0,0,1,0,0,0,0,Testing Prompt: 0.8291980120626296
184927,gpt-4.1-mini,4,3,3,4,1,0,1,1,0,1,0,Testing Prompt: 0.8291980120626296
215179,gpt-4.1-mini,2,1,2,2,0,0,0,0,0,1,0,Testing Prompt: 0.8291980120626296
249730,gpt-4.1-mini,2,1,1,2,0,0,0,0,0,0,0,Testing Prompt: 0.8291980120626296
543094,gpt-4.1-mini,3,3,3,3,0,0,1,0,0,1,0,Testing Prompt: 0.8291980120626296
505194,gpt-4.1-mini,4,3,3,4,0,0,1,0,0,0,0,Testing Prompt: 0.8291980120626296
207524,gpt-4.1-mini,2,2,1,2,0,0,1,0,0,0,0,Testing Prompt: 0.8291980120626296
207845,gpt-4.1-mini,4,3,3,3,1,0,0,0,0,1,0,Testing Prompt: 0.8291980120626296
613961,gpt-4.1-mini,4,2,3,4,0,0,1,0,0,1,0,Testing Prompt: 0.8291980120626296
528543,gpt-4.1-mini,3,2,1,3,1,0,0,0,0,1,0,Testing Prompt: 0.8291980120626296
546578,gpt-4.1-mini,2,1,1,1,0,0,1,0,0,0,0,Testing Prompt: 0.8291980120626296
211179,gpt-4.1-mini,1,2,1,1,0,0,1,1,0,0,0,Testing Prompt: 0.8291980120626296
546868,gpt-4.1-mini,3,2,1,2,0,0,0,0,0,0,0,Testing Prompt: 0.8291980120626296
588075,gpt-4.1-mini,2,1,3,2,0,0,0,0,0,0,0,Testing Prompt: 0.8291980120626296
172253,gpt-4.1-mini,3,2,4,2,0,0,0,0,0,1,0,Testing Prompt: 0.8291980120626296
525710,gpt-4.1-mini,4,4,3,4,0,0,1,1,1,1,0,Testing Prompt: 0.8291980120626296
190056,gpt-4.1-mini,2,1,1,1,1,0,0,0,0,0,0,Testing Prompt: 0.8291980120626296
263413,gpt-4.1-mini,4,4,1,4,0,0,1,0,0,1,0,Testing Prompt: 0.8291980120626296
561983,gpt-4.1-mini,4,1,1,3,1,0,1,1,1,1,0,Testing Prompt: 0.8291980120626296
591948,gpt-4.1-mini,3,4,1,2,0,0,0,0,0,1,0,Testing Prompt: 0.8291980120626296
200051,gpt-4.1-mini,3,1,1,3,0,0,1,1,0,0,0,Testing Prompt: 0.8291980120626296
585389,gpt-4.1-mini,3,1,4,3,0,0,0,0,1,0,0,Testing Prompt: 0.8291980120626296
706907,gpt-4.1-mini,2,1,1,2,0,0,1,0,1,0,0,Testing Prompt: 0.8291980120626296
576254,gpt-4.1-mini,2,1,1,2,0,0,0,0,0,0,0,Testing Prompt: 0.8291980120626296
263864,gpt-4.1-mini,4,3,1,4,0,0,1,0,0,1,0,Testing Prompt: 0.8291980120626296
573597,gpt-4.1-mini,4,1,1,3,0,0,1,0,0,1,0,Testing Prompt: 0.8291980120626296
293411,gpt-4.1-mini,2,1,1,1,1,0,0,0,0,0,0,Testing Prompt: 0.8291980120626296
257040,gpt-4.1-mini,3,1,4,3,0,1,1,0,0,0,0,Testing Prompt: 0.8291980120626296
503131,gpt-4.1-mini,2,3,1,2,0,0,0,0,0,1,0,Testing Prompt: 0.8291980120626296
248731,gpt-4.1-mini,3,3,4,3,0,0,0,0,0,0,0,Testing Prompt: 0.8291980120626296
607920,gpt-4.1-mini,2,1,3,2,0,0,0,0,0,1,0,Testing Prompt: 0.8291980120626296
561604,gpt-4.1-mini,2,2,1,2,0,0,1,1,0,0,0,Testing Prompt: 0.8291980120626296
564167,gpt-4.1-mini,3,3,3,3,1,0,1,1,1,1,0,Testing Prompt: 0.8291980120626296
264344,gpt-4.1-mini,3,1,1,3,0,0,1,0,0,1,0,Testing Prompt: 0.8291980120626296
704786,gpt-4.1-mini,2,3,1,2,0,0,1,1,0,0,0,Testing Prompt: 0.8291980120626296
505173,gpt-4.1-mini,4,2,4,4,0,0,1,0,1,1,0,Testing Prompt: 0.8291980120626296
242166,gpt-4.1-mini,2,1,4,2,0,0,0,0,0,1,0,Testing Prompt: 0.8291980120626296
550903,gpt-4.1-mini,4,3,4,4,0,1,1,1,1,1,0,Testing Prompt: 0.8291980120626296
208682,gpt-4.1-mini,3,1,4,3,0,0,1,1,0,1,0,Testing Prompt: 0.8291980120626296
640700,gpt-4.1-mini,3,3,1,3,0,0,1,1,0,0,0,Testing Prompt: 0.8291980120626296
248235,gpt-4.1-mini,4,4,4,4,1,0,1,1,1,1,0,Testing Prompt: 0.8291980120626296
225646,gpt-4.1-mini,3,1,1,3,0,0,1,1,0,1,0,Testing Prompt: 0.8291980120626296
524784,gpt-4.1-mini,4,1,1,4,0,0,1,0,0,1,0,Testing Prompt: 0.8291980120626296
244029,gpt-4.1-mini,4,4,1,4,0,0,1,0,0,1,0,Testing Prompt: 0.8291980120626296
628747,gpt-4.1-mini,3,1,1,2,0,0,0,0,0,1,0,Testing Prompt: 0.8291980120626296
586617,gpt-4.1-mini,4,1,4,3,0,0,1,1,1,1,0,Testing Prompt: 0.8291980120626296
242085,gpt-4.1-mini,4,1,1,3,0,0,1,1,0,1,0,Testing Prompt: 0.8291980120626296
601728,gpt-4.1-mini,2,2,2,2,0,0,1,0,0,0,0,Testing Prompt: 0.8291980120626296
580333,gpt-4.1-mini,3,1,1,2,0,1,0,0,0,1,0,Testing Prompt: 0.8291980120626296
282284,gpt-4.1-mini,3,1,1,2,0,0,0,0,0,1,0,Testing Prompt: 0.8291980120626296
264262,gpt-4.1-mini,2,1,1,2,0,0,0,0,0,0,0,Testing Prompt: 0.8291980120626296
225577,gpt-4.1-mini,3,3,3,3,0,0,1,0,1,0,0,Testing Prompt: 0.8291980120626296
534868,gpt-4.1-mini,2,1,1,1,0,0,0,0,0,1,0,Testing Prompt: 0.8291980120626296
218810,gpt-4.1-mini,2,1,1,2,0,0,0,1,0,0,0,Testing Prompt: 0.8291980120626296
225581,gpt-4.1-mini,4,4,4,4,1,0,1,1,0,1,0,Testing Prompt: 0.8291980120626296
264478,gpt-4.1-mini,3,3,4,3,0,0,0,0,0,0,0,Testing Prompt: 0.8291980120626296
530371,gpt-4.1-mini,4,4,2,4,0,0,1,1,0,0,0,Testing Prompt: 0.8291980120626296
644531,gpt-4.1-mini,3,3,3,3,0,0,0,0,0,1,0,Testing Prompt: 0.8291980120626296
291285,gpt-4.1-mini,3,4,4,4,0,0,1,0,0,1,0,Testing Prompt: 0.8291980120626296
248896,gpt-4.1-mini,2,3,2,2,0,0,0,0,0,0,0,Testing Prompt: 0.8291980120626296
735055,gpt-4.1-mini,4,3,3,4,0,0,0,0,0,1,0,Testing Prompt: 0.8291980120626296
529141,gpt-4.1-mini,1,1,2,1,0,0,0,0,0,0,0,Testing Prompt: 0.8291980120626296
217052,gpt-4.1-mini,3,1,1,2,0,1,0,0,0,1,0,Testing Prompt: 0.8291980120626296
613126,gpt-4.1-mini,4,4,3,4,0,0,1,0,0,0,0,Testing Prompt: 0.8291980120626296
188529,gpt-4.1-mini,3,3,2,3,0,0,1,0,1,0,0,Testing Prompt: 0.8291980120626296
551252,gpt-4.1-mini,3,4,3,4,1,1,1,0,1,1,0,Testing Prompt: 0.8291980120626296
703584,gpt-4.1-mini,4,2,1,2,0,0,1,0,0,1,0,Testing Prompt: 0.8291980120626296
257325,gpt-4.1-mini,3,3,4,3,0,0,0,0,0,1,0,Testing Prompt: 0.8291980120626296
247781,gpt-4.1-mini,3,3,2,3,0,0,0,0,0,1,0,Testing Prompt: 0.8291980120626296
226773,gpt-4.1-mini,3,3,3,3,0,0,0,0,1,1,0,Testing Prompt: 0.8291980120626296
216965,gpt-4.1-mini,2,3,3,3,0,0,1,0,0,1,0,Testing Prompt: 0.8291980120626296
614816,gpt-4.1-mini,3,3,4,4,0,0,0,0,1,0,0,Testing Prompt: 0.8291980120626296
600843,gpt-4.1-mini,2,2,2,2,0,1,0,1,0,0,0,Testing Prompt: 0.8291980120626296
506571,gpt-4.1-mini,3,2,1,3,0,0,1,1,0,0,0,Testing Prompt: 0.8291980120626296
575601,gpt-4.1-mini,2,3,2,2,0,0,1,0,0,1,0,Testing Prompt: 0.8291980120626296
266177,gpt-4.1-mini,4,1,4,4,0,0,0,0,0,0,0,Testing Prompt: 0.8291980120626296
590085,gpt-4.1-mini,3,3,1,3,0,0,1,1,1,0,0,Testing Prompt: 0.8291980120626296
632387,gpt-4.1-mini,2,2,1,2,0,1,0,0,0,0,0,Testing Prompt: 0.8291980120626296
253693,gpt-4.1-mini,4,3,4,4,0,1,1,0,1,1,0,Testing Prompt: 0.8291980120626296
557524,gpt-4.1-mini,2,2,1,2,0,0,0,1,0,0,0,Testing Prompt: 0.8291980120626296
240687,gpt-4.1-mini,2,3,1,2,0,0,1,0,1,0,0,Testing Prompt: 0.8291980120626296
217400,gpt-4.1-mini,3,1,1,3,0,0,0,0,0,0,0,Testing Prompt: 0.8291980120626296
167524,gpt-4.1-mini,3,1,4,3,0,0,0,0,0,1,0,Testing Prompt: 0.8291980120626296
706907,gpt-4.1-mini,2,2,2,2,0,0,1,1,1,1,1,Testing Prompt: 0.0822867126619532
586617,gpt-4.1-mini,3,4,4,4,0,0,1,1,0,1,1,Testing Prompt: 0.0822867126619532
600843,gpt-4.1-mini,2,2,3,2,0,0,0,1,0,1,1,Testing Prompt: 0.0822867126619532
211179,gpt-4.1-mini,2,2,1,2,0,0,1,1,0,0,1,Testing Prompt: 0.0822867126619532
585389,gpt-4.1-mini,2,2,4,3,0,0,0,0,1,1,1,Testing Prompt: 0.0822867126619532
525710,gpt-4.1-mini,4,4,3,4,0,0,1,1,1,1,1,Testing Prompt: 0.0822867126619532
557524,gpt-4.1-mini,2,2,1,2,0,0,0,1,0,0,1,Testing Prompt: 0.0822867126619532
601747,gpt-4.1-mini,1,1,1,1,0,0,0,0,0,0,1,Testing Prompt: 0.0822867126619532
614816,gpt-4.1-mini,4,3,4,4,0,0,0,0,0,0,1,Testing Prompt: 0.0822867126619532
550903,gpt-4.1-mini,4,4,4,4,0,0,1,0,1,0,1,Testing Prompt: 0.0822867126619532
195235,gpt-4.1-mini,2,2,3,2,0,0,1,0,0,0,1,Testing Prompt: 0.0822867126619532
190056,gpt-4.1-mini,2,2,3,2,0,0,1,0,0,0,1,Testing Prompt: 0.0822867126619532
293411,gpt-4.1-mini,3,3,4,3,1,0,1,0,0,0,1,Testing Prompt: 0.0822867126619532
184927,gpt-4.1-mini,4,4,3,4,0,0,1,1,0,1,1,Testing Prompt: 0.0822867126619532
575601,gpt-4.1-mini,3,3,2,3,0,0,0,0,0,0,1,Testing Prompt: 0.0822867126619532
291285,gpt-4.1-mini,4,3,4,4,0,0,1,0,0,1,1,Testing Prompt: 0.0822867126619532
703584,gpt-4.1-mini,3,3,1,3,0,0,1,0,0,1,1,Testing Prompt: 0.0822867126619532
218810,gpt-4.1-mini,2,2,2,2,0,0,0,0,0,0,1,Testing Prompt: 0.0822867126619532
641013,gpt-4.1-mini,3,3,3,3,0,0,0,0,0,0,1,Testing Prompt: 0.0822867126619532
704786,gpt-4.1-mini,3,3,1,3,0,0,1,1,0,0,1,Testing Prompt: 0.0822867126619532
225577,gpt-4.1-mini,2,1,2,2,0,0,0,0,0,0,1,Testing Prompt: 0.0822867126619532
503131,gpt-4.1-mini,2,3,1,2,0,0,0,0,0,0,1,Testing Prompt: 0.0822867126619532
215179,gpt-4.1-mini,2,1,1,1,0,0,0,0,0,1,1,Testing Prompt: 0.0822867126619532
167524,gpt-4.1-mini,3,1,2,2,0,0,0,0,0,1,1,Testing Prompt: 0.0822867126619532
282284,gpt-4.1-mini,3,3,1,2,0,0,0,0,0,1,1,Testing Prompt: 0.0822867126619532
215108,gpt-4.1-mini,4,3,3,4,0,0,1,1,1,1,1,Testing Prompt: 0.0822867126619532
600997,gpt-4.1-mini,3,3,1,3,0,0,1,0,1,1,1,Testing Prompt: 0.0822867126619532
248731,gpt-4.1-mini,2,1,3,2,0,0,0,0,0,0,1,Testing Prompt: 0.0822867126619532
172253,gpt-4.1-mini,3,3,4,2,0,0,0,0,0,1,1,Testing Prompt: 0.0822867126619532
615578,gpt-4.1-mini,4,3,4,4,1,0,1,1,1,1,1,Testing Prompt: 0.0822867126619532
264344,gpt-4.1-mini,3,1,1,3,0,0,1,0,0,1,1,Testing Prompt: 0.0822867126619532
238025,gpt-4.1-mini,4,3,1,4,1,0,1,1,0,1,1,Testing Prompt: 0.0822867126619532
505194,gpt-4.1-mini,3,3,3,3,0,0,0,0,0,1,1,Testing Prompt: 0.0822867126619532
717614,gpt-4.1-mini,2,1,2,1,0,0,0,0,0,0,1,Testing Prompt: 0.0822867126619532
555531,gpt-4.1-mini,2,1,1,2,0,0,0,0,1,1,1,Testing Prompt: 0.0822867126619532
601728,gpt-4.1-mini,2,3,1,3,0,0,0,0,0,0,1,Testing Prompt: 0.0822867126619532
558582,gpt-4.1-mini,1,1,3,1,0,0,0,0,0,0,1,Testing Prompt: 0.0822867126619532
607920,gpt-4.1-mini,2,1,3,1,0,0,0,0,0,1,1,Testing Prompt: 0.0822867126619532
208682,gpt-4.1-mini,3,1,4,2,0,0,1,1,0,1,1,Testing Prompt: 0.0822867126619532
253693,gpt-4.1-mini,4,1,4,4,0,0,1,0,1,1,1,Testing Prompt: 0.0822867126619532
534553,gpt-4.1-mini,2,2,1,2,0,0,1,1,0,0,1,Testing Prompt: 0.0822867126619532
543229,gpt-4.1-mini,3,2,1,3,0,0,0,0,0,0,1,Testing Prompt: 0.0822867126619532
551252,gpt-4.1-mini,3,2,4,4,0,1,0,1,1,1,1,Testing Prompt: 0.0822867126619532
628747,gpt-4.1-mini,3,1,1,2,0,0,0,0,0,0,1,Testing Prompt: 0.0822867126619532
249730,gpt-4.1-mini,2,2,1,1,0,0,0,0,0,0,1,Testing Prompt: 0.0822867126619532
735055,gpt-4.1-mini,4,3,3,4,0,1,0,0,1,1,1,Testing Prompt: 0.0822867126619532
546578,gpt-4.1-mini,3,1,1,2,0,0,1,0,0,0,1,Testing Prompt: 0.0822867126619532
630563,gpt-4.1-mini,3,3,3,2,0,0,0,0,0,0,1,Testing Prompt: 0.0822867126619532
588075,gpt-4.1-mini,3,1,3,3,0,0,0,0,0,0,1,Testing Prompt: 0.0822867126619532
556668,gpt-4.1-mini,3,1,4,3,0,0,0,0,1,1,1,Testing Prompt: 0.0822867126619532
207845,gpt-4.1-mini,4,3,2,3,1,0,1,0,0,1,1,Testing Prompt: 0.0822867126619532
640700,gpt-4.1-mini,3,3,1,3,0,0,1,1,0,0,1,Testing Prompt: 0.0822867126619532
264262,gpt-4.1-mini,2,1,1,2,0,0,0,0,0,0,1,Testing Prompt: 0.0822867126619532
232366,gpt-4.1-mini,3,1,1,3,0,0,1,0,0,0,1,Testing Prompt: 0.0822867126619532
226773,gpt-4.1-mini,4,2,3,4,0,0,0,0,1,1,1,Testing Prompt: 0.0822867126619532
511739,gpt-4.1-mini,2,1,1,1,0,0,0,0,0,1,1,Testing Prompt: 0.0822867126619532
188529,gpt-4.1-mini,3,2,1,2,0,0,1,0,1,0,1,Testing Prompt: 0.0822867126619532
564167,gpt-4.1-mini,4,3,2,4,1,0,1,1,1,1,1,Testing Prompt: 0.0822867126619532
216965,gpt-4.1-mini,3,3,2,3,0,0,1,0,0,1,1,Testing Prompt: 0.0822867126619532
581720,gpt-4.1-mini,4,3,4,4,1,0,1,0,0,1,1,Testing Prompt: 0.0822867126619532
211283,gpt-4.1-mini,3,3,4,3,0,0,0,0,0,0,1,Testing Prompt: 0.0822867126619532
174997,gpt-4.1-mini,2,1,2,2,0,0,0,0,0,0,1,Testing Prompt: 0.0822867126619532
242085,gpt-4.1-mini,4,1,1,2,0,0,1,1,0,0,1,Testing Prompt: 0.0822867126619532
242166,gpt-4.1-mini,2,1,4,2,0,0,0,0,0,1,1,Testing Prompt: 0.0822867126619532
225646,gpt-4.1-mini,3,1,2,3,0,0,0,1,0,0,1,Testing Prompt: 0.0822867126619532
506571,gpt-4.1-mini,3,3,1,3,0,0,1,1,0,0,1,Testing Prompt: 0.0822867126619532
217052,gpt-4.1-mini,2,1,1,1,0,1,0,0,0,1,1,Testing Prompt: 0.0822867126619532
263864,gpt-4.1-mini,4,3,1,4,0,0,1,1,0,0,1,Testing Prompt: 0.0822867126619532
704896,gpt-4.1-mini,3,1,1,3,0,0,0,1,0,0,1,Testing Prompt: 0.0822867126619532
512243,gpt-4.1-mini,3,3,4,3,0,1,0,0,0,0,1,Testing Prompt: 0.0822867126619532
505173,gpt-4.1-mini,4,3,4,4,0,0,1,1,1,0,1,Testing Prompt: 0.0822867126619532
247781,gpt-4.1-mini,2,3,3,3,0,1,0,0,0,1,1,Testing Prompt: 0.0822867126619532
264478,gpt-4.1-mini,3,2,4,3,0,0,0,0,0,0,1,Testing Prompt: 0.0822867126619532
561983,gpt-4.1-mini,3,1,1,3,1,0,1,1,1,1,1,Testing Prompt: 0.0822867126619532
530371,gpt-4.1-mini,4,3,1,4,0,0,1,1,0,0,1,Testing Prompt: 0.0822867126619532
576254,gpt-4.1-mini,2,3,1,2,0,0,0,0,0,0,1,Testing Prompt: 0.0822867126619532
561604,gpt-4.1-mini,3,1,1,2,0,0,0,1,0,0,1,Testing Prompt: 0.0822867126619532
219176,gpt-4.1-mini,4,3,4,4,0,0,1,1,0,0,1,Testing Prompt: 0.0822867126619532
524784,gpt-4.1-mini,4,3,4,4,0,1,1,0,0,0,1,Testing Prompt: 0.0822867126619532
217400,gpt-4.1-mini,2,1,1,2,0,0,0,1,0,0,1,Testing Prompt: 0.0822867126619532
200051,gpt-4.1-mini,3,2,1,2,0,0,1,1,0,0,1,Testing Prompt: 0.0822867126619532
632387,gpt-4.1-mini,2,1,2,2,0,1,0,0,0,0,1,Testing Prompt: 0.0822867126619532
257325,gpt-4.1-mini,3,3,4,3,0,0,0,0,0,1,1,Testing Prompt: 0.0822867126619532
247482,gpt-4.1-mini,4,2,3,3,0,0,1,1,1,1,1,Testing Prompt: 0.0822867126619532
257040,gpt-4.1-mini,3,3,4,3,0,0,1,1,0,1,1,Testing Prompt: 0.0822867126619532
543094,gpt-4.1-mini,3,4,3,3,0,0,1,0,0,1,1,Testing Prompt: 0.0822867126619532
700128,gpt-4.1-mini,3,2,4,2,0,1,0,0,0,1,1,Testing Prompt: 0.0822867126619532
244029,gpt-4.1-mini,4,4,2,3,0,0,1,0,0,0,1,Testing Prompt: 0.0822867126619532
266177,gpt-4.1-mini,3,2,3,3,0,0,0,0,0,0,1,Testing Prompt: 0.0822867126619532
207524,gpt-4.1-mini,3,2,1,2,0,0,1,0,0,0,1,Testing Prompt: 0.0822867126619532
248235,gpt-4.1-mini,4,4,3,4,0,0,1,1,0,1,1,Testing Prompt: 0.0822867126619532
573597,gpt-4.1-mini,4,2,1,3,0,0,1,0,0,0,1,Testing Prompt: 0.0822867126619532
546868,gpt-4.1-mini,3,3,3,3,0,0,0,0,0,0,1,Testing Prompt: 0.0822867126619532
643006,gpt-4.1-mini,3,3,1,3,0,0,1,1,0,1,1,Testing Prompt: 0.0822867126619532
274347,gpt-4.1-mini,4,4,4,4,0,0,1,0,0,0,1,Testing Prompt: 0.0822867126619532
613126,gpt-4.1-mini,4,3,3,3,0,1,1,0,1,1,1,Testing Prompt: 0.0822867126619532
263413,gpt-4.1-mini,4,3,3,3,0,0,1,0,0,1,1,Testing Prompt: 0.0822867126619532
240687,gpt-4.1-mini,2,3,2,2,0,0,0,1,0,0,1,Testing Prompt: 0.0822867126619532
545047,gpt-4.1-mini,3,2,1,2,0,0,0,1,0,1,1,Testing Prompt: 0.0822867126619532
225581,gpt-4.1-mini,4,3,3,3,1,0,1,0,0,1,1,Testing Prompt: 0.0822867126619532
529141,gpt-4.1-mini,2,1,1,1,0,0,0,0,0,0,1,Testing Prompt: 0.0822867126619532
534868,gpt-4.1-mini,2,1,1,1,0,0,0,0,0,0,1,Testing Prompt: 0.0822867126619532
529099,gpt-4.1-mini,3,3,1,3,0,0,0,0,0,0,1,Testing Prompt: 0.0822867126619532
528543,gpt-4.1-mini,3,1,1,2,0,0,0,0,0,1,1,Testing Prompt: 0.0822867126619532
613961,gpt-4.1-mini,4,1,1,4,0,0,1,1,0,0,1,Testing Prompt: 0.0822867126619532
644531,gpt-4.1-mini,3,3,1,3,0,0,0,0,0,1,1,Testing Prompt: 0.0822867126619532
584423,gpt-4.1-mini,2,3,1,1,0,0,0,0,0,0,1,Testing Prompt: 0.0822867126619532
580333,gpt-4.1-mini,2,1,1,1,0,1,0,0,0,1,1,Testing Prompt: 0.0822867126619532
590085,gpt-4.1-mini,3,4,1,3,0,0,1,1,1,0,1,Testing Prompt: 0.0822867126619532
238271,gpt-4.1-mini,4,3,4,4,0,0,1,0,0,1,1,Testing Prompt: 0.0822867126619532
248896,gpt-4.1-mini,2,3,1,3,0,0,0,0,0,0,1,Testing Prompt: 0.0822867126619532
231173,gpt-4.1-mini,4,3,1,4,0,1,1,0,0,1,1,Testing Prompt: 0.0822867126619532
591948,gpt-4.1-mini,3,4,1,3,0,0,0,0,1,0,1,Testing Prompt: 0.0822867126619532
524784,gpt-4.1-mini,4,3,2,4,0,0,1,0,0,1,2,Testing Prompt: 0.28884698215673243
717614,gpt-4.1-mini,2,2,2,2,0,0,0,0,0,0,2,Testing Prompt: 0.28884698215673243
615578,gpt-4.1-mini,3,2,3,3,1,0,1,1,1,1,2,Testing Prompt: 0.28884698215673243
174997,gpt-4.1-mini,1,1,1,1,0,0,0,0,0,0,2,Testing Prompt: 0.28884698215673243
274347,gpt-4.1-mini,4,4,4,4,0,0,1,0,0,0,2,Testing Prompt: 0.28884698215673243
172253,gpt-4.1-mini,3,2,4,2,0,0,0,0,0,1,2,Testing Prompt: 0.28884698215673243
207524,gpt-4.1-mini,2,2,1,2,0,0,1,0,0,0,2,Testing Prompt: 0.28884698215673243
266177,gpt-4.1-mini,3,1,4,3,0,0,0,0,0,0,2,Testing Prompt: 0.28884698215673243
556668,gpt-4.1-mini,2,1,4,2,0,0,0,0,1,1,2,Testing Prompt: 0.28884698215673243
217400,gpt-4.1-mini,3,1,1,2,0,0,0,1,0,0,2,Testing Prompt: 0.28884698215673243
561604,gpt-4.1-mini,2,1,1,2,0,0,0,1,0,0,2,Testing Prompt: 0.28884698215673243
546868,gpt-4.1-mini,3,4,2,3,0,0,0,0,0,0,2,Testing Prompt: 0.28884698215673243
511739,gpt-4.1-mini,2,1,1,1,0,1,0,0,0,1,2,Testing Prompt: 0.28884698215673243
613126,gpt-4.1-mini,4,3,3,4,1,0,1,1,1,1,2,Testing Prompt: 0.28884698215673243
188529,gpt-4.1-mini,2,1,1,1,0,0,1,0,1,0,2,Testing Prompt: 0.28884698215673243
257040,gpt-4.1-mini,3,3,4,3,0,0,1,0,1,1,2,Testing Prompt: 0.28884698215673243
576254,gpt-4.1-mini,2,1,1,1,0,0,0,0,0,0,2,Testing Prompt: 0.28884698215673243
512243,gpt-4.1-mini,3,2,3,2,0,1,0,0,0,0,2,Testing Prompt: 0.28884698215673243
282284,gpt-4.1-mini,4,2,1,2,0,0,0,0,0,1,2,Testing Prompt: 0.28884698215673243
264344,gpt-4.1-mini,3,3,2,3,0,0,1,0,0,0,2,Testing Prompt: 0.28884698215673243
505173,gpt-4.1-mini,3,2,3,3,0,0,1,1,1,1,2,Testing Prompt: 0.28884698215673243
550903,gpt-4.1-mini,4,3,4,4,0,0,1,0,1,1,2,Testing Prompt: 0.28884698215673243
247781,gpt-4.1-mini,2,3,2,2,0,0,0,0,0,0,2,Testing Prompt: 0.28884698215673243
601747,gpt-4.1-mini,1,1,1,1,0,0,0,0,0,0,2,Testing Prompt: 0.28884698215673243
525710,gpt-4.1-mini,4,4,3,4,0,0,1,1,1,1,2,Testing Prompt: 0.28884698215673243
584423,gpt-4.1-mini,2,2,4,2,0,0,0,0,0,0,2,Testing Prompt: 0.28884698215673243
643006,gpt-4.1-mini,3,3,2,3,0,0,1,1,0,1,2,Testing Prompt: 0.28884698215673243
505194,gpt-4.1-mini,3,3,3,3,0,0,0,0,0,1,2,Testing Prompt: 0.28884698215673243
591948,gpt-4.1-mini,4,4,1,2,0,0,1,0,1,0,2,Testing Prompt: 0.28884698215673243
546578,gpt-4.1-mini,3,2,1,1,0,0,1,0,0,1,2,Testing Prompt: 0.28884698215673243
600843,gpt-4.1-mini,3,2,3,2,0,1,0,0,0,1,2,Testing Prompt: 0.28884698215673243
242166,gpt-4.1-mini,3,2,4,3,0,0,0,0,0,1,2,Testing Prompt: 0.28884698215673243
640700,gpt-4.1-mini,3,3,1,2,0,0,1,1,0,0,2,Testing Prompt: 0.28884698215673243
585389,gpt-4.1-mini,3,3,4,3,0,0,0,0,1,1,2,Testing Prompt: 0.28884698215673243
704786,gpt-4.1-mini,3,3,1,2,0,0,1,1,0,0,2,Testing Prompt: 0.28884698215673243
529099,gpt-4.1-mini,3,3,3,3,0,1,0,0,0,1,2,Testing Prompt: 0.28884698215673243
215108,gpt-4.1-mini,4,3,4,4,0,1,1,0,1,1,2,Testing Prompt: 0.28884698215673243
231173,gpt-4.1-mini,4,3,3,4,0,0,1,0,0,1,2,Testing Prompt: 0.28884698215673243
706907,gpt-4.1-mini,3,2,2,3,0,0,0,1,1,1,2,Testing Prompt: 0.28884698215673243
216965,gpt-4.1-mini,3,3,3,3,0,0,1,0,0,1,2,Testing Prompt: 0.28884698215673243
703584,gpt-4.1-mini,2,2,1,2,0,0,1,1,0,1,2,Testing Prompt: 0.28884698215673243
580333,gpt-4.1-mini,2,1,1,2,0,0,0,0,0,1,2,Testing Prompt: 0.28884698215673243
581720,gpt-4.1-mini,4,4,4,4,1,0,1,1,1,1,2,Testing Prompt: 0.28884698215673243
557524,gpt-4.1-mini,2,1,1,1,0,0,0,1,0,0,2,Testing Prompt: 0.28884698215673243
586617,gpt-4.1-mini,3,3,4,3,0,0,1,1,1,1,2,Testing Prompt: 0.28884698215673243
248896,gpt-4.1-mini,2,3,2,2,0,0,0,0,0,0,2,Testing Prompt: 0.28884698215673243
195235,gpt-4.1-mini,2,2,1,2,0,0,1,0,0,0,2,Testing Prompt: 0.28884698215673243
543094,gpt-4.1-mini,3,3,3,3,0,0,1,0,0,1,2,Testing Prompt: 0.28884698215673243
506571,gpt-4.1-mini,3,3,1,3,0,0,1,1,0,1,2,Testing Prompt: 0.28884698215673243
534868,gpt-4.1-mini,2,1,2,2,0,0,0,0,0,1,2,Testing Prompt: 0.28884698215673243
555531,gpt-4.1-mini,2,2,1,1,0,0,0,0,1,1,2,Testing Prompt: 0.28884698215673243
543229,gpt-4.1-mini,3,1,1,3,0,0,0,0,0,1,2,Testing Prompt: 0.28884698215673243
700128,gpt-4.1-mini,2,2,4,2,0,1,0,0,0,1,2,Testing Prompt: 0.28884698215673243
600997,gpt-4.1-mini,4,4,1,4,0,0,1,1,1,1,2,Testing Prompt: 0.28884698215673243
184927,gpt-4.1-mini,4,4,3,4,0,0,1,1,0,1,2,Testing Prompt: 0.28884698215673243
534553,gpt-4.1-mini,3,2,1,3,0,0,1,0,0,0,2,Testing Prompt: 0.28884698215673243
735055,gpt-4.1-mini,4,3,1,3,0,0,0,0,0,1,2,Testing Prompt: 0.28884698215673243
226773,gpt-4.1-mini,3,3,4,3,0,0,0,0,0,1,2,Testing Prompt: 0.28884698215673243
632387,gpt-4.1-mini,2,1,2,1,0,1,0,0,0,0,2,Testing Prompt: 0.28884698215673243
590085,gpt-4.1-mini,3,3,1,3,0,0,1,1,1,1,2,Testing Prompt: 0.28884698215673243
215179,gpt-4.1-mini,2,1,1,1,0,0,0,0,0,1,2,Testing Prompt: 0.28884698215673243
219176,gpt-4.1-mini,3,2,1,3,0,1,1,0,0,1,2,Testing Prompt: 0.28884698215673243
263864,gpt-4.1-mini,4,3,1,4,0,0,1,0,0,1,2,Testing Prompt: 0.28884698215673243
247482,gpt-4.1-mini,3,2,2,3,0,0,1,1,1,0,2,Testing Prompt: 0.28884698215673243
208682,gpt-4.1-mini,3,3,4,3,0,0,1,1,0,1,2,Testing Prompt: 0.28884698215673243
232366,gpt-4.1-mini,2,2,1,2,0,0,1,0,0,0,2,Testing Prompt: 0.28884698215673243
264478,gpt-4.1-mini,3,3,3,3,0,1,0,0,0,0,2,Testing Prompt: 0.28884698215673243
244029,gpt-4.1-mini,4,4,2,4,0,0,1,1,1,0,2,Testing Prompt: 0.28884698215673243
240687,gpt-4.1-mini,2,3,1,2,0,0,1,0,1,0,2,Testing Prompt: 0.28884698215673243
190056,gpt-4.1-mini,3,1,1,2,0,0,0,0,0,1,2,Testing Prompt: 0.28884698215673243
238271,gpt-4.1-mini,4,2,4,4,0,0,1,0,0,1,2,Testing Prompt: 0.28884698215673243
225581,gpt-4.1-mini,4,3,1,3,1,0,1,0,0,1,2,Testing Prompt: 0.28884698215673243
225646,gpt-4.1-mini,3,2,1,3,0,0,0,1,0,1,2,Testing Prompt: 0.28884698215673243
644531,gpt-4.1-mini,3,3,2,3,0,1,0,0,0,1,2,Testing Prompt: 0.28884698215673243
545047,gpt-4.1-mini,3,2,2,3,0,0,0,1,0,0,2,Testing Prompt: 0.28884698215673243
607920,gpt-4.1-mini,2,1,1,2,0,0,0,0,0,1,2,Testing Prompt: 0.28884698215673243
217052,gpt-4.1-mini,2,1,1,1,0,1,0,0,0,1,2,Testing Prompt: 0.28884698215673243
630563,gpt-4.1-mini,2,2,2,2,0,0,0,0,0,1,2,Testing Prompt: 0.28884698215673243
588075,gpt-4.1-mini,3,1,2,3,0,0,0,0,0,1,2,Testing Prompt: 0.28884698215673243
291285,gpt-4.1-mini,4,4,3,4,0,0,1,1,0,1,2,Testing Prompt: 0.28884698215673243
293411,gpt-4.1-mini,2,1,1,1,1,0,0,0,0,1,2,Testing Prompt: 0.28884698215673243
529141,gpt-4.1-mini,1,1,1,1,0,0,0,0,0,0,2,Testing Prompt: 0.28884698215673243
249730,gpt-4.1-mini,2,1,1,2,0,0,0,0,0,0,2,Testing Prompt: 0.28884698215673243
248731,gpt-4.1-mini,3,1,4,3,0,0,0,0,1,1,2,Testing Prompt: 0.28884698215673243
207845,gpt-4.1-mini,4,4,3,4,1,1,1,0,1,1,2,Testing Prompt: 0.28884698215673243
242085,gpt-4.1-mini,4,1,1,3,0,0,1,1,0,0,2,Testing Prompt: 0.28884698215673243
558582,gpt-4.1-mini,1,1,3,1,0,0,0,0,0,0,2,Testing Prompt: 0.28884698215673243
641013,gpt-4.1-mini,3,1,1,2,0,0,1,0,1,1,2,Testing Prompt: 0.28884698215673243
167524,gpt-4.1-mini,3,1,1,2,0,0,0,0,0,1,2,Testing Prompt: 0.28884698215673243
264262,gpt-4.1-mini,2,1,1,2,0,0,0,1,0,0,2,Testing Prompt: 0.28884698215673243
551252,gpt-4.1-mini,4,3,4,4,0,1,1,1,1,1,2,Testing Prompt: 0.28884698215673243
614816,gpt-4.1-mini,4,1,4,4,0,0,0,0,1,1,2,Testing Prompt: 0.28884698215673243
238025,gpt-4.1-mini,4,4,1,4,0,1,1,0,0,1,2,Testing Prompt: 0.28884698215673243
263413,gpt-4.1-mini,4,3,4,4,0,0,1,1,0,1,2,Testing Prompt: 0.28884698215673243
225577,gpt-4.1-mini,3,1,4,3,0,0,1,1,1,1,2,Testing Prompt: 0.28884698215673243
575601,gpt-4.1-mini,2,1,1,2,0,0,0,0,0,1,2,Testing Prompt: 0.28884698215673243
257325,gpt-4.1-mini,3,3,4,3,0,0,0,0,0,1,2,Testing Prompt: 0.28884698215673243
573597,gpt-4.1-mini,4,1,1,3,0,0,1,1,0,1,2,Testing Prompt: 0.28884698215673243
211283,gpt-4.1-mini,4,3,4,4,0,1,0,0,1,1,2,Testing Prompt: 0.28884698215673243
248235,gpt-4.1-mini,4,4,3,4,0,0,1,1,1,1,2,Testing Prompt: 0.28884698215673243
530371,gpt-4.1-mini,4,3,2,4,0,0,1,1,0,1,2,Testing Prompt: 0.28884698215673243
503131,gpt-4.1-mini,2,3,1,2,0,0,0,0,0,1,2,Testing Prompt: 0.28884698215673243
253693,gpt-4.1-mini,4,2,4,4,0,0,0,0,1,1,2,Testing Prompt: 0.28884698215673243
704896,gpt-4.1-mini,2,1,1,2,0,0,0,1,0,0,2,Testing Prompt: 0.28884698215673243
601728,gpt-4.1-mini,2,3,1,2,0,0,0,0,0,0,2,Testing Prompt: 0.28884698215673243
211179,gpt-4.1-mini,2,1,1,2,0,0,1,1,0,0,2,Testing Prompt: 0.28884698215673243
613961,gpt-4.1-mini,4,3,3,4,0,0,1,0,0,1,2,Testing Prompt: 0.28884698215673243
561983,gpt-4.1-mini,3,2,1,2,1,0,1,1,1,1,2,Testing Prompt: 0.28884698215673243
528543,gpt-4.1-mini,3,3,1,3,0,0,1,0,0,0,2,Testing Prompt: 0.28884698215673243
218810,gpt-4.1-mini,2,2,1,2,0,0,0,0,0,1,2,Testing Prompt: 0.28884698215673243
628747,gpt-4.1-mini,3,1,1,2,0,0,0,0,0,0,2,Testing Prompt: 0.28884698215673243
564167,gpt-4.1-mini,3,3,1,4,1,0,1,1,1,1,2,Testing Prompt: 0.28884698215673243
200051,gpt-4.1-mini,4,1,1,3,0,0,1,1,0,0,2,Testing Prompt: 0.28884698215673243
225646,gpt-4.1-mini,2,1,2,2,0,0,1,1,0,0,3,Testing Prompt: 0.4416857669961013
249730,gpt-4.1-mini,2,3,1,2,0,0,0,0,0,0,3,Testing Prompt: 0.4416857669961013
503131,gpt-4.1-mini,2,4,1,2,0,0,0,0,0,1,3,Testing Prompt: 0.4416857669961013
546578,gpt-4.1-mini,3,1,1,1,0,0,1,0,0,0,3,Testing Prompt: 0.4416857669961013
601728,gpt-4.1-mini,2,3,1,2,0,0,1,0,1,0,3,Testing Prompt: 0.4416857669961013
225577,gpt-4.1-mini,3,1,2,3,0,0,0,0,1,0,3,Testing Prompt: 0.4416857669961013
613961,gpt-4.1-mini,4,1,1,4,0,0,1,1,0,1,3,Testing Prompt: 0.4416857669961013
607920,gpt-4.1-mini,2,1,1,1,0,1,0,0,0,1,3,Testing Prompt: 0.4416857669961013
248235,gpt-4.1-mini,4,4,4,4,0,0,1,0,1,1,3,Testing Prompt: 0.4416857669961013
257325,gpt-4.1-mini,3,3,2,3,0,0,0,0,0,1,3,Testing Prompt: 0.4416857669961013
628747,gpt-4.1-mini,2,1,1,2,0,0,0,0,0,1,3,Testing Prompt: 0.4416857669961013
232366,gpt-4.1-mini,3,1,1,2,0,0,1,0,0,0,3,Testing Prompt: 0.4416857669961013
174997,gpt-4.1-mini,2,1,1,2,0,0,0,0,0,0,3,Testing Prompt: 0.4416857669961013
218810,gpt-4.1-mini,2,1,1,1,0,0,0,0,0,0,3,Testing Prompt: 0.4416857669961013
588075,gpt-4.1-mini,3,1,3,3,0,0,0,0,1,0,3,Testing Prompt: 0.4416857669961013
632387,gpt-4.1-mini,2,1,2,2,0,1,0,0,0,0,3,Testing Prompt: 0.4416857669961013
242166,gpt-4.1-mini,3,1,4,4,0,0,0,0,0,1,3,Testing Prompt: 0.4416857669961013
585389,gpt-4.1-mini,3,1,4,3,0,0,0,1,1,0,3,Testing Prompt: 0.4416857669961013
641013,gpt-4.1-mini,3,3,2,3,0,0,1,0,1,1,3,Testing Prompt: 0.4416857669961013
600997,gpt-4.1-mini,4,4,1,4,0,0,1,1,1,1,3,Testing Prompt: 0.4416857669961013
640700,gpt-4.1-mini,3,3,1,3,0,0,1,1,0,0,3,Testing Prompt: 0.4416857669961013
190056,gpt-4.1-mini,2,1,1,2,0,0,0,0,0,0,3,Testing Prompt: 0.4416857669961013
167524,gpt-4.1-mini,3,1,3,3,0,0,0,0,0,0,3,Testing Prompt: 0.4416857669961013
703584,gpt-4.1-mini,3,1,1,2,0,0,1,0,0,1,3,Testing Prompt: 0.4416857669961013
226773,gpt-4.1-mini,3,2,4,4,0,0,1,0,1,1,3,Testing Prompt: 0.4416857669961013
529141,gpt-4.1-mini,2,1,2,2,0,0,0,0,0,0,3,Testing Prompt: 0.4416857669961013
264344,gpt-4.1-mini,4,3,4,4,0,0,1,0,0,0,3,Testing Prompt: 0.4416857669961013
613126,gpt-4.1-mini,4,4,4,4,0,0,1,0,1,1,3,Testing Prompt: 0.4416857669961013
525710,gpt-4.1-mini,3,3,3,3,0,1,1,1,1,1,3,Testing Prompt: 0.4416857669961013
586617,gpt-4.1-mini,4,3,4,4,0,0,1,1,0,0,3,Testing Prompt: 0.4416857669961013
217052,gpt-4.1-mini,2,1,1,2,1,1,0,0,0,1,3,Testing Prompt: 0.4416857669961013
264478,gpt-4.1-mini,3,3,4,4,0,0,0,0,0,0,3,Testing Prompt: 0.4416857669961013
581720,gpt-4.1-mini,4,4,4,4,1,0,1,0,0,1,3,Testing Prompt: 0.4416857669961013
248731,gpt-4.1-mini,3,3,3,4,0,0,1,0,0,0,3,Testing Prompt: 0.4416857669961013
505194,gpt-4.1-mini,4,3,4,4,0,1,1,1,1,1,3,Testing Prompt: 0.4416857669961013
253693,gpt-4.1-mini,4,1,4,4,0,0,0,0,1,0,3,Testing Prompt: 0.4416857669961013
247781,gpt-4.1-mini,3,3,3,3,0,0,0,0,0,1,3,Testing Prompt: 0.4416857669961013
207524,gpt-4.1-mini,3,2,2,3,0,0,1,0,0,0,3,Testing Prompt: 0.4416857669961013
505173,gpt-4.1-mini,4,2,4,4,0,0,1,1,1,1,3,Testing Prompt: 0.4416857669961013
217400,gpt-4.1-mini,3,1,1,3,0,0,0,1,0,0,3,Testing Prompt: 0.4416857669961013
240687,gpt-4.1-mini,2,3,2,2,0,0,1,1,1,0,3,Testing Prompt: 0.4416857669961013
700128,gpt-4.1-mini,2,3,4,2,0,1,0,0,0,1,3,Testing Prompt: 0.4416857669961013
524784,gpt-4.1-mini,4,3,2,4,0,0,1,1,1,1,3,Testing Prompt: 0.4416857669961013
231173,gpt-4.1-mini,3,3,3,3,0,0,1,1,0,1,3,Testing Prompt: 0.4416857669961013
511739,gpt-4.1-mini,1,1,1,1,0,1,0,0,0,1,3,Testing Prompt: 0.4416857669961013
573597,gpt-4.1-mini,3,3,1,3,0,0,1,1,0,1,3,Testing Prompt: 0.4416857669961013
546868,gpt-4.1-mini,2,3,3,2,0,0,0,0,0,0,3,Testing Prompt: 0.4416857669961013
244029,gpt-4.1-mini,4,4,2,4,0,0,1,1,1,0,3,Testing Prompt: 0.4416857669961013
263864,gpt-4.1-mini,4,3,2,4,0,0,1,0,0,0,3,Testing Prompt: 0.4416857669961013
530371,gpt-4.1-mini,4,3,2,4,0,0,1,1,0,1,3,Testing Prompt: 0.4416857669961013
561604,gpt-4.1-mini,2,2,1,2,0,0,0,1,0,0,3,Testing Prompt: 0.4416857669961013
555531,gpt-4.1-mini,2,2,2,2,0,0,0,0,1,0,3,Testing Prompt: 0.4416857669961013
293411,gpt-4.1-mini,2,2,2,2,1,0,0,0,0,1,3,Testing Prompt: 0.4416857669961013
551252,gpt-4.1-mini,3,3,4,4,0,1,0,0,1,1,3,Testing Prompt: 0.4416857669961013
225581,gpt-4.1-mini,3,3,2,3,1,0,1,0,0,1,3,Testing Prompt: 0.4416857669961013
601747,gpt-4.1-mini,1,1,1,1,0,0,0,0,0,0,3,Testing Prompt: 0.4416857669961013
706907,gpt-4.1-mini,2,2,1,2,0,0,1,0,1,1,3,Testing Prompt: 0.4416857669961013
575601,gpt-4.1-mini,3,3,2,3,0,0,1,0,0,1,3,Testing Prompt: 0.4416857669961013
591948,gpt-4.1-mini,4,4,2,4,0,0,1,0,1,1,3,Testing Prompt: 0.4416857669961013
219176,gpt-4.1-mini,4,4,3,4,1,0,1,0,0,1,3,Testing Prompt: 0.4416857669961013
266177,gpt-4.1-mini,2,2,3,2,0,0,0,0,0,1,3,Testing Prompt: 0.4416857669961013
580333,gpt-4.1-mini,1,1,1,1,0,0,0,0,0,1,3,Testing Prompt: 0.4416857669961013
615578,gpt-4.1-mini,3,3,4,4,1,0,1,1,1,1,3,Testing Prompt: 0.4416857669961013
561983,gpt-4.1-mini,3,2,1,3,1,0,1,1,1,0,3,Testing Prompt: 0.4416857669961013
735055,gpt-4.1-mini,2,3,1,2,0,0,1,0,0,1,3,Testing Prompt: 0.4416857669961013
208682,gpt-4.1-mini,2,3,3,3,0,0,1,1,0,1,3,Testing Prompt: 0.4416857669961013
291285,gpt-4.1-mini,3,4,4,4,0,0,1,0,0,1,3,Testing Prompt: 0.4416857669961013
704786,gpt-4.1-mini,2,3,1,2,0,0,1,1,0,0,3,Testing Prompt: 0.4416857669961013
643006,gpt-4.1-mini,3,3,2,3,0,0,1,1,1,1,3,Testing Prompt: 0.4416857669961013
545047,gpt-4.1-mini,3,3,3,3,0,0,0,1,0,0,3,Testing Prompt: 0.4416857669961013
282284,gpt-4.1-mini,4,2,1,3,0,0,0,0,0,1,3,Testing Prompt: 0.4416857669961013
704896,gpt-4.1-mini,3,2,1,3,0,0,1,1,0,0,3,Testing Prompt: 0.4416857669961013
211179,gpt-4.1-mini,2,2,1,2,0,0,1,1,0,0,3,Testing Prompt: 0.4416857669961013
242085,gpt-4.1-mini,4,2,1,3,0,0,1,1,0,1,3,Testing Prompt: 0.4416857669961013
184927,gpt-4.1-mini,4,3,4,4,0,0,1,1,1,1,3,Testing Prompt: 0.4416857669961013
529099,gpt-4.1-mini,2,2,1,2,0,0,0,0,0,1,3,Testing Prompt: 0.4416857669961013
576254,gpt-4.1-mini,2,2,1,1,0,0,0,0,0,0,3,Testing Prompt: 0.4416857669961013
550903,gpt-4.1-mini,4,3,4,4,0,0,1,0,1,1,3,Testing Prompt: 0.4416857669961013
263413,gpt-4.1-mini,4,4,1,3,0,0,1,1,0,1,3,Testing Prompt: 0.4416857669961013
534868,gpt-4.1-mini,2,1,1,1,0,0,0,0,0,1,3,Testing Prompt: 0.4416857669961013
512243,gpt-4.1-mini,2,1,3,2,0,1,0,0,0,1,3,Testing Prompt: 0.4416857669961013
543229,gpt-4.1-mini,4,3,1,4,0,0,1,0,0,0,3,Testing Prompt: 0.4416857669961013
257040,gpt-4.1-mini,3,2,4,3,0,0,1,0,1,1,3,Testing Prompt: 0.4416857669961013
564167,gpt-4.1-mini,3,3,2,3,1,0,1,1,1,1,3,Testing Prompt: 0.4416857669961013
630563,gpt-4.1-mini,2,3,2,2,0,0,0,0,0,1,3,Testing Prompt: 0.4416857669961013
614816,gpt-4.1-mini,3,2,4,3,0,0,0,0,1,1,3,Testing Prompt: 0.4416857669961013
200051,gpt-4.1-mini,3,3,1,3,0,0,1,1,0,0,3,Testing Prompt: 0.4416857669961013
215179,gpt-4.1-mini,2,1,1,1,0,0,0,0,0,1,3,Testing Prompt: 0.4416857669961013
506571,gpt-4.1-mini,3,3,1,3,0,0,1,1,0,0,3,Testing Prompt: 0.4416857669961013
216965,gpt-4.1-mini,3,3,2,3,0,0,1,0,1,1,3,Testing Prompt: 0.4416857669961013
543094,gpt-4.1-mini,3,3,3,3,0,0,1,0,1,1,3,Testing Prompt: 0.4416857669961013
188529,gpt-4.1-mini,2,1,1,2,0,0,1,0,1,0,3,Testing Prompt: 0.4416857669961013
247482,gpt-4.1-mini,3,3,3,3,0,0,1,0,1,1,3,Testing Prompt: 0.4416857669961013
556668,gpt-4.1-mini,2,1,4,2,0,0,0,0,1,1,3,Testing Prompt: 0.4416857669961013
558582,gpt-4.1-mini,1,1,2,1,0,0,0,0,0,1,3,Testing Prompt: 0.4416857669961013
534553,gpt-4.1-mini,3,2,1,3,0,0,1,0,1,1,3,Testing Prompt: 0.4416857669961013
172253,gpt-4.1-mini,4,3,4,3,0,0,0,0,0,1,3,Testing Prompt: 0.4416857669961013
238025,gpt-4.1-mini,4,4,3,4,0,1,1,0,1,1,3,Testing Prompt: 0.4416857669961013
264262,gpt-4.1-mini,2,1,2,2,0,0,0,0,0,0,3,Testing Prompt: 0.4416857669961013
207845,gpt-4.1-mini,3,3,2,3,1,0,1,0,1,1,3,Testing Prompt: 0.4416857669961013
528543,gpt-4.1-mini,3,2,1,2,0,0,0,0,0,0,3,Testing Prompt: 0.4416857669961013
717614,gpt-4.1-mini,2,2,3,2,0,0,0,1,0,0,3,Testing Prompt: 0.4416857669961013
215108,gpt-4.1-mini,4,4,4,4,1,0,1,0,1,1,3,Testing Prompt: 0.4416857669961013
644531,gpt-4.1-mini,2,3,3,3,0,0,0,0,0,1,3,Testing Prompt: 0.4416857669961013
195235,gpt-4.1-mini,2,3,3,2,0,0,1,0,0,0,3,Testing Prompt: 0.4416857669961013
584423,gpt-4.1-mini,2,3,3,2,0,0,0,0,0,1,3,Testing Prompt: 0.4416857669961013
248896,gpt-4.1-mini,2,2,1,2,0,0,0,0,0,0,3,Testing Prompt: 0.4416857669961013
590085,gpt-4.1-mini,3,3,1,3,0,0,1,1,1,0,3,Testing Prompt: 0.4416857669961013
238271,gpt-4.1-mini,3,3,4,3,0,0,1,0,0,1,3,Testing Prompt: 0.4416857669961013
557524,gpt-4.1-mini,2,1,1,2,0,0,0,1,0,0,3,Testing Prompt: 0.4416857669961013
600843,gpt-4.1-mini,2,2,1,2,0,1,0,0,0,0,3,Testing Prompt: 0.4416857669961013
274347,gpt-4.1-mini,4,4,4,4,0,0,1,0,0,1,3,Testing Prompt: 0.4416857669961013
211283,gpt-4.1-mini,3,3,3,3,0,0,0,0,0,1,3,Testing Prompt: 0.4416857669961013
529141,gpt-4.1-mini,2,2,2,1,0,0,0,0,0,0,4,Testing Prompt: 0.05662470066243119
231173,gpt-4.1-mini,4,4,4,4,0,0,1,0,0,1,4,Testing Prompt: 0.05662470066243119
238271,gpt-4.1-mini,3,3,4,3,1,0,1,0,0,1,4,Testing Prompt: 0.05662470066243119
506571,gpt-4.1-mini,3,3,2,3,0,0,1,1,0,0,4,Testing Prompt: 0.05662470066243119
590085,gpt-4.1-mini,4,4,3,4,0,0,1,1,0,0,4,Testing Prompt: 0.05662470066243119
266177,gpt-4.1-mini,3,2,4,3,0,0,0,0,0,0,4,Testing Prompt: 0.05662470066243119
172253,gpt-4.1-mini,3,3,4,3,0,0,1,0,0,1,4,Testing Prompt: 0.05662470066243119
524784,gpt-4.1-mini,4,3,4,4,0,0,1,1,1,1,4,Testing Prompt: 0.05662470066243119
248731,gpt-4.1-mini,2,3,3,3,0,0,0,0,0,1,4,Testing Prompt: 0.05662470066243119
257325,gpt-4.1-mini,3,3,4,2,0,0,0,0,0,1,4,Testing Prompt: 0.05662470066243119
195235,gpt-4.1-mini,2,3,3,1,0,0,1,0,0,1,4,Testing Prompt: 0.05662470066243119
242166,gpt-4.1-mini,3,2,4,3,0,0,0,0,0,1,4,Testing Prompt: 0.05662470066243119
561983,gpt-4.1-mini,3,2,2,3,1,0,1,1,1,1,4,Testing Prompt: 0.05662470066243119
717614,gpt-4.1-mini,2,2,2,2,0,0,0,1,0,0,4,Testing Prompt: 0.05662470066243119
704786,gpt-4.1-mini,3,3,1,2,0,0,1,1,0,0,4,Testing Prompt: 0.05662470066243119
546578,gpt-4.1-mini,3,2,3,2,0,0,1,0,0,1,4,Testing Prompt: 0.05662470066243119
264344,gpt-4.1-mini,4,3,3,4,0,0,1,0,0,1,4,Testing Prompt: 0.05662470066243119
543094,gpt-4.1-mini,3,3,3,2,0,0,1,0,0,1,4,Testing Prompt: 0.05662470066243119
282284,gpt-4.1-mini,4,2,3,3,0,0,1,0,0,1,4,Testing Prompt: 0.05662470066243119
632387,gpt-4.1-mini,2,2,2,2,0,1,0,0,0,0,4,Testing Prompt: 0.05662470066243119
525710,gpt-4.1-mini,4,4,4,4,0,0,1,1,1,1,4,Testing Prompt: 0.05662470066243119
207524,gpt-4.1-mini,2,3,1,2,0,0,1,0,0,0,4,Testing Prompt: 0.05662470066243119
249730,gpt-4.1-mini,2,1,1,1,0,0,0,0,0,0,4,Testing Prompt: 0.05662470066243119
628747,gpt-4.1-mini,2,1,1,2,0,0,0,0,0,0,4,Testing Prompt: 0.05662470066243119
238025,gpt-4.1-mini,4,4,2,4,0,0,1,1,0,0,4,Testing Prompt: 0.05662470066243119
530371,gpt-4.1-mini,4,4,1,4,0,0,1,1,0,0,4,Testing Prompt: 0.05662470066243119
244029,gpt-4.1-mini,4,4,1,4,0,0,1,1,1,0,4,Testing Prompt: 0.05662470066243119
211179,gpt-4.1-mini,2,2,1,2,0,0,0,0,0,0,4,Testing Prompt: 0.05662470066243119
184927,gpt-4.1-mini,4,4,2,4,0,0,1,1,0,1,4,Testing Prompt: 0.05662470066243119
503131,gpt-4.1-mini,2,3,1,2,0,0,0,0,0,1,4,Testing Prompt: 0.05662470066243119
557524,gpt-4.1-mini,2,1,1,2,0,0,0,0,0,0,4,Testing Prompt: 0.05662470066243119
226773,gpt-4.1-mini,3,2,3,3,0,0,0,0,0,1,4,Testing Prompt: 0.05662470066243119
600843,gpt-4.1-mini,2,1,2,2,0,0,0,0,0,1,4,Testing Prompt: 0.05662470066243119
546868,gpt-4.1-mini,2,3,2,3,0,0,0,0,0,0,4,Testing Prompt: 0.05662470066243119
528543,gpt-4.1-mini,3,1,1,2,1,0,0,0,0,0,4,Testing Prompt: 0.05662470066243119
215108,gpt-4.1-mini,4,4,4,4,0,0,1,0,0,0,4,Testing Prompt: 0.05662470066243119
643006,gpt-4.1-mini,3,3,3,3,0,0,1,0,0,1,4,Testing Prompt: 0.05662470066243119
607920,gpt-4.1-mini,2,1,2,2,0,0,0,0,0,0,4,Testing Prompt: 0.05662470066243119
735055,gpt-4.1-mini,3,2,2,3,0,0,1,0,0,1,4,Testing Prompt: 0.05662470066243119
555531,gpt-4.1-mini,2,1,1,2,0,0,0,0,0,0,4,Testing Prompt: 0.05662470066243119
505173,gpt-4.1-mini,3,2,4,4,0,0,1,1,1,1,4,Testing Prompt: 0.05662470066243119
706907,gpt-4.1-mini,2,3,2,2,0,0,1,0,1,0,4,Testing Prompt: 0.05662470066243119
613961,gpt-4.1-mini,3,3,2,3,0,0,1,0,0,1,4,Testing Prompt: 0.05662470066243119
264262,gpt-4.1-mini,2,1,2,2,0,0,0,0,0,0,4,Testing Prompt: 0.05662470066243119
703584,gpt-4.1-mini,3,2,1,2,0,0,1,0,0,1,4,Testing Prompt: 0.05662470066243119
248235,gpt-4.1-mini,4,4,4,4,1,0,1,1,0,1,4,Testing Prompt: 0.05662470066243119
167524,gpt-4.1-mini,3,2,1,3,0,0,0,0,0,1,4,Testing Prompt: 0.05662470066243119
580333,gpt-4.1-mini,2,1,1,2,0,1,0,0,0,1,4,Testing Prompt: 0.05662470066243119
585389,gpt-4.1-mini,3,2,4,3,0,0,0,0,1,1,4,Testing Prompt: 0.05662470066243119
225581,gpt-4.1-mini,4,3,1,4,1,0,1,0,0,1,4,Testing Prompt: 0.05662470066243119
225646,gpt-4.1-mini,3,2,1,3,0,0,0,1,0,1,4,Testing Prompt: 0.05662470066243119
558582,gpt-4.1-mini,1,1,2,1,0,0,0,0,0,0,4,Testing Prompt: 0.05662470066243119
630563,gpt-4.1-mini,2,3,3,2,0,0,0,0,0,1,4,Testing Prompt: 0.05662470066243119
641013,gpt-4.1-mini,3,3,2,3,0,0,0,0,0,1,4,Testing Prompt: 0.05662470066243119
543229,gpt-4.1-mini,4,3,2,4,0,0,1,0,1,1,4,Testing Prompt: 0.05662470066243119
601728,gpt-4.1-mini,2,3,2,2,0,0,1,0,1,0,4,Testing Prompt: 0.05662470066243119
581720,gpt-4.1-mini,4,4,4,4,1,0,1,0,0,1,4,Testing Prompt: 0.05662470066243119
242085,gpt-4.1-mini,3,2,1,3,0,0,1,0,0,1,4,Testing Prompt: 0.05662470066243119
190056,gpt-4.1-mini,2,1,1,2,0,0,1,0,0,0,4,Testing Prompt: 0.05662470066243119
264478,gpt-4.1-mini,4,3,4,4,0,0,0,0,0,1,4,Testing Prompt: 0.05662470066243119
218810,gpt-4.1-mini,2,1,2,2,0,0,1,1,0,0,4,Testing Prompt: 0.05662470066243119
511739,gpt-4.1-mini,1,1,1,1,0,0,0,0,0,1,4,Testing Prompt: 0.05662470066243119
240687,gpt-4.1-mini,2,1,1,2,0,0,0,1,1,0,4,Testing Prompt: 0.05662470066243119
293411,gpt-4.1-mini,1,1,1,1,0,0,0,0,0,1,4,Testing Prompt: 0.05662470066243119
215179,gpt-4.1-mini,1,1,1,1,0,0,0,0,0,1,4,Testing Prompt: 0.05662470066243119
247482,gpt-4.1-mini,3,3,4,3,0,0,1,1,1,0,4,Testing Prompt: 0.05662470066243119
216965,gpt-4.1-mini,3,4,3,4,0,0,1,0,0,1,4,Testing Prompt: 0.05662470066243119
217400,gpt-4.1-mini,3,1,1,3,0,0,0,1,0,0,4,Testing Prompt: 0.05662470066243119
586617,gpt-4.1-mini,4,3,4,4,0,0,1,1,1,1,4,Testing Prompt: 0.05662470066243119
584423,gpt-4.1-mini,2,1,4,2,0,0,0,0,0,1,4,Testing Prompt: 0.05662470066243119
225577,gpt-4.1-mini,3,1,3,3,0,0,0,0,0,0,4,Testing Prompt: 0.05662470066243119
700128,gpt-4.1-mini,2,1,4,2,0,1,0,0,0,1,4,Testing Prompt: 0.05662470066243119
257040,gpt-4.1-mini,3,3,4,3,0,1,1,0,0,1,4,Testing Prompt: 0.05662470066243119
211283,gpt-4.1-mini,3,3,4,3,0,0,1,0,0,0,4,Testing Prompt: 0.05662470066243119
174997,gpt-4.1-mini,1,1,1,2,0,0,0,0,0,0,4,Testing Prompt: 0.05662470066243119
232366,gpt-4.1-mini,2,1,1,2,0,0,0,1,0,0,4,Testing Prompt: 0.05662470066243119
263413,gpt-4.1-mini,4,4,3,4,0,0,1,1,0,0,4,Testing Prompt: 0.05662470066243119
564167,gpt-4.1-mini,3,3,3,3,1,0,1,1,1,1,4,Testing Prompt: 0.05662470066243119
291285,gpt-4.1-mini,3,4,4,3,0,0,1,0,0,1,4,Testing Prompt: 0.05662470066243119
263864,gpt-4.1-mini,4,4,3,4,0,0,1,1,0,0,4,Testing Prompt: 0.05662470066243119
505194,gpt-4.1-mini,3,2,2,3,0,0,0,0,0,0,4,Testing Prompt: 0.05662470066243119
551252,gpt-4.1-mini,3,3,4,4,0,1,1,1,1,1,4,Testing Prompt: 0.05662470066243119
512243,gpt-4.1-mini,2,2,3,2,0,0,0,1,0,0,4,Testing Prompt: 0.05662470066243119
601747,gpt-4.1-mini,1,1,1,1,0,0,0,0,0,0,4,Testing Prompt: 0.05662470066243119
640700,gpt-4.1-mini,3,3,1,3,0,0,1,1,0,0,4,Testing Prompt: 0.05662470066243119
247781,gpt-4.1-mini,2,3,3,2,0,0,0,0,0,1,4,Testing Prompt: 0.05662470066243119
561604,gpt-4.1-mini,2,2,1,2,0,0,0,1,0,0,4,Testing Prompt: 0.05662470066243119
207845,gpt-4.1-mini,3,3,4,4,1,0,1,0,0,1,4,Testing Prompt: 0.05662470066243119
200051,gpt-4.1-mini,3,3,1,3,0,0,1,1,0,0,4,Testing Prompt: 0.05662470066243119
534553,gpt-4.1-mini,3,3,1,3,0,0,1,1,0,1,4,Testing Prompt: 0.05662470066243119
615578,gpt-4.1-mini,4,3,4,4,1,0,1,0,1,1,4,Testing Prompt: 0.05662470066243119
550903,gpt-4.1-mini,4,4,4,4,0,0,1,0,1,0,4,Testing Prompt: 0.05662470066243119
188529,gpt-4.1-mini,2,1,1,2,0,0,1,0,0,0,4,Testing Prompt: 0.05662470066243119
573597,gpt-4.1-mini,3,3,2,3,0,0,1,0,0,1,4,Testing Prompt: 0.05662470066243119
576254,gpt-4.1-mini,2,3,1,2,0,0,0,0,0,0,4,Testing Prompt: 0.05662470066243119
253693,gpt-4.1-mini,4,3,4,4,0,0,1,0,1,1,4,Testing Prompt: 0.05662470066243119
556668,gpt-4.1-mini,3,1,4,3,0,0,0,0,1,1,4,Testing Prompt: 0.05662470066243119
529099,gpt-4.1-mini,3,3,3,3,0,1,0,0,0,0,4,Testing Prompt: 0.05662470066243119
613126,gpt-4.1-mini,4,4,4,4,0,1,1,0,1,1,4,Testing Prompt: 0.05662470066243119
614816,gpt-4.1-mini,4,2,4,4,0,0,0,0,1,1,4,Testing Prompt: 0.05662470066243119
704896,gpt-4.1-mini,2,1,1,2,0,0,0,1,0,0,4,Testing Prompt: 0.05662470066243119
575601,gpt-4.1-mini,2,3,1,2,0,0,1,0,0,0,4,Testing Prompt: 0.05662470066243119
208682,gpt-4.1-mini,3,1,4,3,0,0,1,1,0,0,4,Testing Prompt: 0.05662470066243119
217052,gpt-4.1-mini,1,1,1,1,0,1,0,0,0,0,4,Testing Prompt: 0.05662470066243119
600997,gpt-4.1-mini,4,4,4,4,0,0,1,1,1,0,4,Testing Prompt: 0.05662470066243119
588075,gpt-4.1-mini,2,1,3,2,0,0,0,0,0,0,4,Testing Prompt: 0.05662470066243119
274347,gpt-4.1-mini,4,4,4,4,0,0,1,0,0,0,4,Testing Prompt: 0.05662470066243119
644531,gpt-4.1-mini,3,3,3,3,0,1,0,0,0,1,4,Testing Prompt: 0.05662470066243119
534868,gpt-4.1-mini,1,1,1,1,0,0,0,0,0,1,4,Testing Prompt: 0.05662470066243119
219176,gpt-4.1-mini,3,1,1,3,0,1,1,1,0,0,4,Testing Prompt: 0.05662470066243119
545047,gpt-4.1-mini,2,1,2,2,0,0,0,0,0,0,4,Testing Prompt: 0.05662470066243119
591948,gpt-4.1-mini,3,4,1,2,0,0,0,0,0,0,4,Testing Prompt: 0.05662470066243119
248896,gpt-4.1-mini,2,3,1,2,0,0,1,0,0,0,4,Testing Prompt: 0.05662470066243119
215108,gpt-4.1-mini,4,3,3,4,1,0,1,0,0,1,5,Testing Prompt: 0.7715530556497745
257325,gpt-4.1-mini,2,3,4,2,0,0,0,0,0,0,5,Testing Prompt: 0.7715530556497745
211179,gpt-4.1-mini,2,2,1,2,0,0,0,1,0,0,5,Testing Prompt: 0.7715530556497745
546578,gpt-4.1-mini,3,2,1,2,0,0,1,0,0,0,5,Testing Prompt: 0.7715530556497745
564167,gpt-4.1-mini,4,4,2,4,1,0,1,1,1,1,5,Testing Prompt: 0.7715530556497745
557524,gpt-4.1-mini,2,2,1,2,0,0,0,1,0,0,5,Testing Prompt: 0.7715530556497745
216965,gpt-4.1-mini,4,4,4,4,0,0,1,0,0,1,5,Testing Prompt: 0.7715530556497745
184927,gpt-4.1-mini,4,4,3,4,1,0,1,1,0,1,5,Testing Prompt: 0.7715530556497745
242085,gpt-4.1-mini,4,2,1,3,0,0,1,0,0,0,5,Testing Prompt: 0.7715530556497745
291285,gpt-4.1-mini,4,4,4,4,0,0,1,0,0,1,5,Testing Prompt: 0.7715530556497745
607920,gpt-4.1-mini,2,1,2,2,0,0,0,0,0,1,5,Testing Prompt: 0.7715530556497745
704786,gpt-4.1-mini,3,3,1,2,0,0,1,1,0,0,5,Testing Prompt: 0.7715530556497745
264478,gpt-4.1-mini,3,2,4,3,0,0,0,0,0,0,5,Testing Prompt: 0.7715530556497745
218810,gpt-4.1-mini,3,1,1,2,0,0,0,0,0,0,5,Testing Prompt: 0.7715530556497745
530371,gpt-4.1-mini,4,4,3,4,0,0,1,0,0,1,5,Testing Prompt: 0.7715530556497745
525710,gpt-4.1-mini,4,4,4,4,0,0,1,0,0,1,5,Testing Prompt: 0.7715530556497745
640700,gpt-4.1-mini,4,3,1,3,0,0,1,1,0,0,5,Testing Prompt: 0.7715530556497745
528543,gpt-4.1-mini,3,2,1,2,1,0,0,0,0,1,5,Testing Prompt: 0.7715530556497745
588075,gpt-4.1-mini,3,1,3,3,0,0,0,0,0,0,5,Testing Prompt: 0.7715530556497745
601747,gpt-4.1-mini,1,1,1,1,0,0,0,0,0,0,5,Testing Prompt: 0.7715530556497745
543229,gpt-4.1-mini,2,1,1,1,0,0,0,1,0,0,5,Testing Prompt: 0.7715530556497745
703584,gpt-4.1-mini,2,2,1,1,0,0,1,0,0,0,5,Testing Prompt: 0.7715530556497745
257040,gpt-4.1-mini,2,1,1,3,0,0,1,0,0,1,5,Testing Prompt: 0.7715530556497745
244029,gpt-4.1-mini,4,4,1,3,0,0,1,0,0,0,5,Testing Prompt: 0.7715530556497745
573597,gpt-4.1-mini,3,1,1,3,0,0,1,1,0,1,5,Testing Prompt: 0.7715530556497745
207524,gpt-4.1-mini,2,2,1,2,0,0,1,0,0,0,5,Testing Prompt: 0.7715530556497745
575601,gpt-4.1-mini,2,1,1,1,0,0,0,0,0,0,5,Testing Prompt: 0.7715530556497745
248235,gpt-4.1-mini,4,4,4,4,0,1,1,1,0,1,5,Testing Prompt: 0.7715530556497745
274347,gpt-4.1-mini,4,4,4,4,0,0,1,0,0,0,5,Testing Prompt: 0.7715530556497745
581720,gpt-4.1-mini,4,3,4,4,1,0,1,0,0,1,5,Testing Prompt: 0.7715530556497745
556668,gpt-4.1-mini,2,1,4,1,0,0,0,0,1,0,5,Testing Prompt: 0.7715530556497745
613961,gpt-4.1-mini,4,1,1,3,0,0,1,0,0,1,5,Testing Prompt: 0.7715530556497745
534868,gpt-4.1-mini,2,1,1,1,0,0,0,0,0,1,5,Testing Prompt: 0.7715530556497745
263864,gpt-4.1-mini,4,1,1,3,0,0,1,0,0,0,5,Testing Prompt: 0.7715530556497745
613126,gpt-4.1-mini,4,1,4,4,0,0,1,0,0,1,5,Testing Prompt: 0.7715530556497745
546868,gpt-4.1-mini,3,3,3,3,0,0,0,0,0,0,5,Testing Prompt: 0.7715530556497745
643006,gpt-4.1-mini,3,1,1,3,0,0,1,1,0,1,5,Testing Prompt: 0.7715530556497745
167524,gpt-4.1-mini,3,1,1,3,0,0,0,0,0,1,5,Testing Prompt: 0.7715530556497745
584423,gpt-4.1-mini,2,1,1,1,0,0,0,0,0,1,5,Testing Prompt: 0.7715530556497745
242166,gpt-4.1-mini,3,1,4,3,0,0,0,0,0,1,5,Testing Prompt: 0.7715530556497745
580333,gpt-4.1-mini,2,1,2,2,0,0,0,0,0,1,5,Testing Prompt: 0.7715530556497745
208682,gpt-4.1-mini,3,2,4,3,0,0,1,1,0,1,5,Testing Prompt: 0.7715530556497745
188529,gpt-4.1-mini,3,2,1,2,0,0,1,0,1,0,5,Testing Prompt: 0.7715530556497745
585389,gpt-4.1-mini,3,1,4,3,0,0,0,1,1,1,5,Testing Prompt: 0.7715530556497745
503131,gpt-4.1-mini,2,4,1,2,0,0,1,0,0,1,5,Testing Prompt: 0.7715530556497745
545047,gpt-4.1-mini,3,1,3,3,0,0,0,1,0,1,5,Testing Prompt: 0.7715530556497745
190056,gpt-4.1-mini,2,1,1,2,0,0,0,0,0,1,5,Testing Prompt: 0.7715530556497745
253693,gpt-4.1-mini,4,2,4,4,0,0,0,0,1,1,5,Testing Prompt: 0.7715530556497745
555531,gpt-4.1-mini,2,1,1,2,0,0,0,0,1,1,5,Testing Prompt: 0.7715530556497745
226773,gpt-4.1-mini,3,1,3,3,0,0,0,0,1,1,5,Testing Prompt: 0.7715530556497745
628747,gpt-4.1-mini,3,1,1,2,0,0,0,0,0,1,5,Testing Prompt: 0.7715530556497745
551252,gpt-4.1-mini,4,2,4,4,0,1,1,1,1,1,5,Testing Prompt: 0.7715530556497745
615578,gpt-4.1-mini,4,3,3,4,1,0,1,1,1,1,5,Testing Prompt: 0.7715530556497745
232366,gpt-4.1-mini,3,1,1,2,0,0,1,0,0,0,5,Testing Prompt: 0.7715530556497745
249730,gpt-4.1-mini,2,1,1,1,0,0,0,0,0,1,5,Testing Prompt: 0.7715530556497745
263413,gpt-4.1-mini,4,4,3,4,0,0,1,1,1,1,5,Testing Prompt: 0.7715530556497745
248896,gpt-4.1-mini,3,2,1,3,0,0,1,0,0,1,5,Testing Prompt: 0.7715530556497745
174997,gpt-4.1-mini,2,1,1,2,0,0,0,1,0,0,5,Testing Prompt: 0.7715530556497745
506571,gpt-4.1-mini,3,2,1,3,0,0,1,1,0,0,5,Testing Prompt: 0.7715530556497745
529141,gpt-4.1-mini,1,1,1,1,0,0,0,0,0,0,5,Testing Prompt: 0.7715530556497745
630563,gpt-4.1-mini,2,1,3,2,0,0,0,0,0,1,5,Testing Prompt: 0.7715530556497745
543094,gpt-4.1-mini,3,3,4,3,0,0,1,0,0,1,5,Testing Prompt: 0.7715530556497745
195235,gpt-4.1-mini,2,1,3,2,0,0,1,0,0,0,5,Testing Prompt: 0.7715530556497745
215179,gpt-4.1-mini,2,1,1,1,0,0,0,0,0,1,5,Testing Prompt: 0.7715530556497745
217052,gpt-4.1-mini,2,1,2,1,0,1,0,0,0,0,5,Testing Prompt: 0.7715530556497745
550903,gpt-4.1-mini,4,4,4,4,0,0,1,0,1,0,5,Testing Prompt: 0.7715530556497745
247781,gpt-4.1-mini,3,3,3,3,0,0,0,0,0,1,5,Testing Prompt: 0.7715530556497745
511739,gpt-4.1-mini,2,1,1,1,0,0,0,0,0,1,5,Testing Prompt: 0.7715530556497745
217400,gpt-4.1-mini,3,1,1,2,0,0,0,1,0,0,5,Testing Prompt: 0.7715530556497745
225646,gpt-4.1-mini,3,1,1,3,0,0,0,1,0,1,5,Testing Prompt: 0.7715530556497745
225577,gpt-4.1-mini,3,3,3,3,0,0,0,0,1,0,5,Testing Prompt: 0.7715530556497745
700128,gpt-4.1-mini,2,1,3,2,0,1,0,0,0,1,5,Testing Prompt: 0.7715530556497745
264344,gpt-4.1-mini,3,3,3,3,0,0,1,0,0,0,5,Testing Prompt: 0.7715530556497745
735055,gpt-4.1-mini,3,3,4,4,0,0,1,0,1,1,5,Testing Prompt: 0.7715530556497745
600997,gpt-4.1-mini,4,4,3,4,0,0,1,1,1,0,5,Testing Prompt: 0.7715530556497745
644531,gpt-4.1-mini,3,3,2,3,0,0,0,0,0,1,5,Testing Prompt: 0.7715530556497745
614816,gpt-4.1-mini,3,3,4,4,0,0,0,0,1,1,5,Testing Prompt: 0.7715530556497745
238025,gpt-4.1-mini,4,3,4,4,0,0,1,0,0,1,5,Testing Prompt: 0.7715530556497745
219176,gpt-4.1-mini,4,2,2,4,0,0,1,1,0,0,5,Testing Prompt: 0.7715530556497745
586617,gpt-4.1-mini,3,1,4,3,0,0,1,1,0,0,5,Testing Prompt: 0.7715530556497745
247482,gpt-4.1-mini,3,3,3,3,0,0,1,1,1,1,5,Testing Prompt: 0.7715530556497745
231173,gpt-4.1-mini,4,4,3,4,0,0,1,0,0,1,5,Testing Prompt: 0.7715530556497745
248731,gpt-4.1-mini,2,1,2,2,0,0,0,0,0,1,5,Testing Prompt: 0.7715530556497745
238271,gpt-4.1-mini,4,3,4,4,1,0,1,0,0,1,5,Testing Prompt: 0.7715530556497745
706907,gpt-4.1-mini,2,3,1,2,0,1,1,0,1,0,5,Testing Prompt: 0.7715530556497745
534553,gpt-4.1-mini,3,2,1,3,0,0,1,0,0,0,5,Testing Prompt: 0.7715530556497745
505173,gpt-4.1-mini,4,4,4,4,0,0,0,1,1,1,5,Testing Prompt: 0.7715530556497745
225581,gpt-4.1-mini,4,4,3,4,1,0,1,0,0,1,5,Testing Prompt: 0.7715530556497745
576254,gpt-4.1-mini,2,3,1,2,0,0,0,0,0,0,5,Testing Prompt: 0.7715530556497745
717614,gpt-4.1-mini,2,1,2,2,0,0,0,0,0,0,5,Testing Prompt: 0.7715530556497745
600843,gpt-4.1-mini,2,1,2,2,0,1,0,0,0,0,5,Testing Prompt: 0.7715530556497745
200051,gpt-4.1-mini,4,4,1,3,0,0,1,0,0,1,5,Testing Prompt: 0.7715530556497745
590085,gpt-4.1-mini,4,4,2,4,0,0,1,1,0,0,5,Testing Prompt: 0.7715530556497745
207845,gpt-4.1-mini,3,3,2,3,1,0,0,0,0,1,5,Testing Prompt: 0.7715530556497745
266177,gpt-4.1-mini,3,2,3,3,0,0,0,0,0,0,5,Testing Prompt: 0.7715530556497745
704896,gpt-4.1-mini,3,2,1,3,0,0,1,1,0,0,5,Testing Prompt: 0.7715530556497745
293411,gpt-4.1-mini,2,1,4,2,1,0,0,0,0,1,5,Testing Prompt: 0.7715530556497745
211283,gpt-4.1-mini,4,3,3,4,0,0,0,1,1,0,5,Testing Prompt: 0.7715530556497745
561604,gpt-4.1-mini,3,2,1,3,0,0,0,0,0,0,5,Testing Prompt: 0.7715530556497745
561983,gpt-4.1-mini,4,2,1,3,1,0,1,1,1,1,5,Testing Prompt: 0.7715530556497745
240687,gpt-4.1-mini,2,3,1,2,0,0,1,1,1,0,5,Testing Prompt: 0.7715530556497745
529099,gpt-4.1-mini,2,2,1,2,0,0,0,1,0,0,5,Testing Prompt: 0.7715530556497745
591948,gpt-4.1-mini,2,3,1,1,0,0,0,0,0,0,5,Testing Prompt: 0.7715530556497745
601728,gpt-4.1-mini,1,2,1,1,0,0,1,1,0,0,5,Testing Prompt: 0.7715530556497745
282284,gpt-4.1-mini,3,1,1,1,0,0,0,0,0,0,5,Testing Prompt: 0.7715530556497745
172253,gpt-4.1-mini,2,2,3,1,0,0,0,0,0,1,5,Testing Prompt: 0.7715530556497745
505194,gpt-4.1-mini,3,3,2,3,0,0,0,1,0,0,5,Testing Prompt: 0.7715530556497745
641013,gpt-4.1-mini,3,2,3,2,0,0,0,0,1,1,5,Testing Prompt: 0.7715530556497745
632387,gpt-4.1-mini,2,1,1,1,0,0,0,0,0,0,5,Testing Prompt: 0.7715530556497745
512243,gpt-4.1-mini,3,2,3,3,0,1,1,0,1,0,5,Testing Prompt: 0.7715530556497745
524784,gpt-4.1-mini,4,3,1,4,0,0,1,0,0,1,5,Testing Prompt: 0.7715530556497745
264262,gpt-4.1-mini,1,1,1,1,0,0,0,0,0,0,5,Testing Prompt: 0.7715530556497745
558582,gpt-4.1-mini,1,1,3,1,0,0,0,0,0,0,5,Testing Prompt: 0.7715530556497745
247482,gpt-4.1-mini,3,3,4,3,0,0,1,1,1,1,6,Testing Prompt: 0.6715332289431978
253693,gpt-4.1-mini,4,2,4,4,0,0,1,0,1,1,6,Testing Prompt: 0.6715332289431978
225581,gpt-4.1-mini,4,3,2,3,1,0,1,1,0,0,6,Testing Prompt: 0.6715332289431978
704896,gpt-4.1-mini,3,2,1,2,0,0,0,1,0,0,6,Testing Prompt: 0.6715332289431978
505173,gpt-4.1-mini,4,3,4,4,0,0,1,1,1,0,6,Testing Prompt: 0.6715332289431978
534553,gpt-4.1-mini,3,2,1,3,0,0,1,0,0,0,6,Testing Prompt: 0.6715332289431978
529141,gpt-4.1-mini,2,1,1,1,0,0,0,0,0,0,6,Testing Prompt: 0.6715332289431978
511739,gpt-4.1-mini,2,1,1,1,0,0,0,0,0,1,6,Testing Prompt: 0.6715332289431978
591948,gpt-4.1-mini,4,4,3,3,0,0,0,0,0,0,6,Testing Prompt: 0.6715332289431978
703584,gpt-4.1-mini,3,2,1,2,0,0,1,0,0,1,6,Testing Prompt: 0.6715332289431978
632387,gpt-4.1-mini,2,1,1,1,0,1,0,0,0,0,6,Testing Prompt: 0.6715332289431978
628747,gpt-4.1-mini,3,1,1,1,0,0,0,0,0,1,6,Testing Prompt: 0.6715332289431978
580333,gpt-4.1-mini,3,1,2,1,0,0,0,0,0,1,6,Testing Prompt: 0.6715332289431978
264262,gpt-4.1-mini,2,1,1,1,0,0,0,0,0,0,6,Testing Prompt: 0.6715332289431978
257325,gpt-4.1-mini,3,3,2,2,0,0,0,0,0,1,6,Testing Prompt: 0.6715332289431978
529099,gpt-4.1-mini,3,3,2,3,0,0,0,0,0,0,6,Testing Prompt: 0.6715332289431978
248896,gpt-4.1-mini,3,3,1,3,0,0,0,0,0,0,6,Testing Prompt: 0.6715332289431978
238025,gpt-4.1-mini,4,4,3,4,0,0,1,0,0,0,6,Testing Prompt: 0.6715332289431978
528543,gpt-4.1-mini,3,2,1,2,0,0,0,0,0,1,6,Testing Prompt: 0.6715332289431978
226773,gpt-4.1-mini,3,3,3,3,0,0,1,1,1,1,6,Testing Prompt: 0.6715332289431978
545047,gpt-4.1-mini,2,2,2,2,0,0,0,1,0,1,6,Testing Prompt: 0.6715332289431978
614816,gpt-4.1-mini,3,3,4,4,0,0,0,1,1,1,6,Testing Prompt: 0.6715332289431978
564167,gpt-4.1-mini,4,3,2,4,1,0,1,1,1,1,6,Testing Prompt: 0.6715332289431978
215108,gpt-4.1-mini,4,4,3,4,0,0,1,1,0,0,6,Testing Prompt: 0.6715332289431978
190056,gpt-4.1-mini,2,3,1,1,1,0,0,0,0,1,6,Testing Prompt: 0.6715332289431978
641013,gpt-4.1-mini,3,3,2,3,0,0,1,0,1,1,6,Testing Prompt: 0.6715332289431978
506571,gpt-4.1-mini,3,3,1,3,0,0,1,1,0,1,6,Testing Prompt: 0.6715332289431978
601747,gpt-4.1-mini,1,1,1,1,0,0,0,0,0,0,6,Testing Prompt: 0.6715332289431978
232366,gpt-4.1-mini,2,2,1,2,0,0,0,0,0,0,6,Testing Prompt: 0.6715332289431978
561604,gpt-4.1-mini,2,2,1,2,0,0,0,0,0,0,6,Testing Prompt: 0.6715332289431978
200051,gpt-4.1-mini,3,2,1,3,0,0,1,0,0,0,6,Testing Prompt: 0.6715332289431978
600997,gpt-4.1-mini,4,4,1,4,0,0,1,0,1,1,6,Testing Prompt: 0.6715332289431978
546578,gpt-4.1-mini,2,0,0,1,0,0,1,0,0,1,6,Testing Prompt: 0.6715332289431978
172253,gpt-4.1-mini,3,3,4,3,0,0,0,0,0,1,6,Testing Prompt: 0.6715332289431978
195235,gpt-4.1-mini,2,3,1,1,0,0,1,0,0,0,6,Testing Prompt: 0.6715332289431978
557524,gpt-4.1-mini,2,1,1,1,1,0,0,0,0,1,6,Testing Prompt: 0.6715332289431978
530371,gpt-4.1-mini,4,3,0,4,0,0,1,0,0,1,6,Testing Prompt: 0.6715332289431978
505194,gpt-4.1-mini,3,3,2,4,0,0,0,0,0,1,6,Testing Prompt: 0.6715332289431978
274347,gpt-4.1-mini,4,4,4,4,0,0,1,0,0,1,6,Testing Prompt: 0.6715332289431978
231173,gpt-4.1-mini,4,4,3,4,0,1,1,0,0,1,6,Testing Prompt: 0.6715332289431978
586617,gpt-4.1-mini,3,3,3,3,0,0,1,1,0,0,6,Testing Prompt: 0.6715332289431978
630563,gpt-4.1-mini,2,3,3,2,0,0,0,0,0,0,6,Testing Prompt: 0.6715332289431978
601728,gpt-4.1-mini,2,3,2,2,0,0,1,0,0,0,6,Testing Prompt: 0.6715332289431978
225646,gpt-4.1-mini,2,2,1,2,0,0,0,1,0,0,6,Testing Prompt: 0.6715332289431978
607920,gpt-4.1-mini,2,1,2,2,0,0,0,0,0,1,6,Testing Prompt: 0.6715332289431978
217400,gpt-4.1-mini,3,1,1,2,0,0,0,1,0,0,6,Testing Prompt: 0.6715332289431978
263413,gpt-4.1-mini,4,4,1,3,0,0,1,1,0,1,6,Testing Prompt: 0.6715332289431978
264478,gpt-4.1-mini,3,3,4,3,0,0,0,0,0,0,6,Testing Prompt: 0.6715332289431978
543094,gpt-4.1-mini,4,4,3,3,0,0,1,0,0,1,6,Testing Prompt: 0.6715332289431978
613126,gpt-4.1-mini,4,3,4,4,0,0,1,0,0,0,6,Testing Prompt: 0.6715332289431978
700128,gpt-4.1-mini,2,2,4,2,0,1,0,0,0,0,6,Testing Prompt: 0.6715332289431978
184927,gpt-4.1-mini,4,4,3,4,0,0,1,0,0,1,6,Testing Prompt: 0.6715332289431978
207845,gpt-4.1-mini,3,3,2,2,1,0,0,0,0,1,6,Testing Prompt: 0.6715332289431978
257040,gpt-4.1-mini,3,2,4,3,0,1,1,0,0,0,6,Testing Prompt: 0.6715332289431978
248731,gpt-4.1-mini,2,3,3,3,0,0,0,0,0,1,6,Testing Prompt: 0.6715332289431978
640700,gpt-4.1-mini,3,3,1,3,0,0,1,1,0,0,6,Testing Prompt: 0.6715332289431978
249730,gpt-4.1-mini,2,2,1,2,0,0,0,0,0,0,6,Testing Prompt: 0.6715332289431978
208682,gpt-4.1-mini,3,2,4,3,0,0,1,1,1,0,6,Testing Prompt: 0.6715332289431978
291285,gpt-4.1-mini,4,3,4,4,0,0,1,0,0,0,6,Testing Prompt: 0.6715332289431978
590085,gpt-4.1-mini,3,2,1,3,0,0,1,1,1,0,6,Testing Prompt: 0.6715332289431978
512243,gpt-4.1-mini,2,1,3,2,0,1,0,0,0,0,6,Testing Prompt: 0.6715332289431978
219176,gpt-4.1-mini,3,1,0,3,0,0,1,1,0,0,6,Testing Prompt: 0.6715332289431978
293411,gpt-4.1-mini,1,2,3,1,1,0,0,0,0,0,6,Testing Prompt: 0.6715332289431978
558582,gpt-4.1-mini,1,0,3,1,0,0,0,0,0,0,6,Testing Prompt: 0.6715332289431978
282284,gpt-4.1-mini,4,1,0,3,0,0,0,0,0,0,6,Testing Prompt: 0.6715332289431978
525710,gpt-4.1-mini,4,3,0,4,0,0,1,1,1,1,6,Testing Prompt: 0.6715332289431978
225577,gpt-4.1-mini,3,1,0,3,0,0,0,0,0,0,6,Testing Prompt: 0.6715332289431978
217052,gpt-4.1-mini,2,0,0,1,0,1,0,0,0,0,6,Testing Prompt: 0.6715332289431978
503131,gpt-4.1-mini,1,1,0,1,0,0,0,0,0,1,6,Testing Prompt: 0.6715332289431978
240687,gpt-4.1-mini,2,1,0,2,0,0,1,0,1,0,6,Testing Prompt: 0.6715332289431978
644531,gpt-4.1-mini,3,2,3,3,0,0,0,0,0,0,6,Testing Prompt: 0.6715332289431978
615578,gpt-4.1-mini,4,2,4,4,1,0,1,1,1,1,6,Testing Prompt: 0.6715332289431978
247781,gpt-4.1-mini,3,2,0,2,0,0,0,0,0,0,6,Testing Prompt: 0.6715332289431978
264344,gpt-4.1-mini,3,0,0,3,0,0,1,0,0,0,6,Testing Prompt: 0.6715332289431978
551252,gpt-4.1-mini,3,2,3,4,1,1,1,1,1,1,6,Testing Prompt: 0.6715332289431978
561983,gpt-4.1-mini,3,0,0,3,1,0,1,1,1,0,6,Testing Prompt: 0.6715332289431978
524784,gpt-4.1-mini,4,2,3,4,0,1,1,0,1,0,6,Testing Prompt: 0.6715332289431978
266177,gpt-4.1-mini,3,0,3,3,0,0,0,0,0,0,6,Testing Prompt: 0.6715332289431978
546868,gpt-4.1-mini,2,1,3,2,0,1,0,0,0,0,6,Testing Prompt: 0.6715332289431978
584423,gpt-4.1-mini,3,0,3,2,0,0,0,0,0,0,6,Testing Prompt: 0.6715332289431978
188529,gpt-4.1-mini,2,2,1,1,0,0,1,1,1,0,6,Testing Prompt: 0.6715332289431978
167524,gpt-4.1-mini,2,1,4,2,0,0,0,0,0,0,6,Testing Prompt: 0.6715332289431978
218810,gpt-4.1-mini,2,1,1,1,0,0,0,0,0,0,6,Testing Prompt: 0.6715332289431978
216965,gpt-4.1-mini,3,3,2,3,0,0,0,0,0,1,6,Testing Prompt: 0.6715332289431978
643006,gpt-4.1-mini,3,3,1,3,0,0,1,1,0,1,6,Testing Prompt: 0.6715332289431978
174997,gpt-4.1-mini,2,1,1,2,0,0,0,0,0,0,6,Testing Prompt: 0.6715332289431978
706907,gpt-4.1-mini,2,1,1,2,0,0,1,1,1,0,6,Testing Prompt: 0.6715332289431978
211179,gpt-4.1-mini,2,1,1,2,0,0,0,1,0,0,6,Testing Prompt: 0.6715332289431978
717614,gpt-4.1-mini,2,2,2,1,0,0,0,0,0,0,6,Testing Prompt: 0.6715332289431978
211283,gpt-4.1-mini,4,4,4,4,0,0,0,0,0,0,6,Testing Prompt: 0.6715332289431978
207524,gpt-4.1-mini,3,3,1,3,0,0,1,0,0,0,6,Testing Prompt: 0.6715332289431978
550903,gpt-4.1-mini,4,4,4,4,0,0,0,0,0,0,6,Testing Prompt: 0.6715332289431978
573597,gpt-4.1-mini,3,2,1,3,0,0,1,0,0,1,6,Testing Prompt: 0.6715332289431978
264262,gpt-4.1-mini,2,1,1,2,0,0,0,0,0,0,7,Testing Prompt: 0.8219575459137219
226773,gpt-4.1-mini,4,3,4,4,0,0,1,1,1,1,7,Testing Prompt: 0.8219575459137219
706907,gpt-4.1-mini,3,3,3,3,0,0,1,1,1,0,7,Testing Prompt: 0.8219575459137219
218810,gpt-4.1-mini,2,1,3,2,0,0,0,1,0,0,7,Testing Prompt: 0.8219575459137219
217052,gpt-4.1-mini,2,1,1,2,0,1,0,0,0,1,7,Testing Prompt: 0.8219575459137219
215179,gpt-4.1-mini,2,1,3,2,0,0,0,0,0,0,7,Testing Prompt: 0.8219575459137219
525710,gpt-4.1-mini,4,4,4,4,0,0,1,0,1,0,7,Testing Prompt: 0.8219575459137219
632387,gpt-4.1-mini,2,1,1,2,0,1,0,0,0,0,7,Testing Prompt: 0.8219575459137219
264478,gpt-4.1-mini,4,2,4,4,0,0,0,0,0,0,7,Testing Prompt: 0.8219575459137219
558582,gpt-4.1-mini,1,1,3,1,0,0,0,0,0,0,7,Testing Prompt: 0.8219575459137219
585389,gpt-4.1-mini,4,1,4,4,0,0,0,0,1,1,7,Testing Prompt: 0.8219575459137219
607920,gpt-4.1-mini,3,1,3,3,0,0,0,0,0,1,7,Testing Prompt: 0.8219575459137219
600997,gpt-4.1-mini,4,4,2,4,0,0,1,1,1,0,7,Testing Prompt: 0.8219575459137219
247781,gpt-4.1-mini,3,3,2,2,0,0,0,0,0,0,7,Testing Prompt: 0.8219575459137219
207845,gpt-4.1-mini,3,3,1,3,1,0,0,0,0,0,7,Testing Prompt: 0.8219575459137219
546578,gpt-4.1-mini,3,1,1,2,0,0,1,0,0,0,7,Testing Prompt: 0.8219575459137219
240687,gpt-4.1-mini,3,1,1,3,0,0,1,0,1,0,7,Testing Prompt: 0.8219575459137219
534868,gpt-4.1-mini,2,1,1,2,0,0,0,0,0,1,7,Testing Prompt: 0.8219575459137219
530371,gpt-4.1-mini,4,3,1,4,0,0,1,1,0,1,7,Testing Prompt: 0.8219575459137219
703584,gpt-4.1-mini,3,1,3,3,0,0,1,0,0,0,7,Testing Prompt: 0.8219575459137219
190056,gpt-4.1-mini,2,2,2,2,0,0,0,0,0,0,7,Testing Prompt: 0.8219575459137219
208682,gpt-4.1-mini,3,2,4,3,0,0,1,1,0,1,7,Testing Prompt: 0.8219575459137219
573597,gpt-4.1-mini,3,3,1,3,0,0,1,0,0,1,7,Testing Prompt: 0.8219575459137219
247482,gpt-4.1-mini,3,3,4,4,0,0,1,1,1,0,7,Testing Prompt: 0.8219575459137219
512243,gpt-4.1-mini,2,2,3,2,0,1,0,0,0,0,7,Testing Prompt: 0.8219575459137219
253693,gpt-4.1-mini,4,2,4,4,0,0,1,1,1,0,7,Testing Prompt: 0.8219575459137219
550903,gpt-4.1-mini,4,2,4,4,0,0,1,0,1,0,7,Testing Prompt: 0.8219575459137219
225577,gpt-4.1-mini,3,2,3,3,0,0,0,0,0,0,7,Testing Prompt: 0.8219575459137219
700128,gpt-4.1-mini,2,1,4,2,0,0,0,0,0,1,7,Testing Prompt: 0.8219575459137219
704896,gpt-4.1-mini,3,1,1,3,0,0,0,1,0,1,7,Testing Prompt: 0.8219575459137219
219176,gpt-4.1-mini,4,2,4,4,0,1,1,1,0,0,7,Testing Prompt: 0.8219575459137219
188529,gpt-4.1-mini,2,3,2,2,0,0,1,0,1,0,7,Testing Prompt: 0.8219575459137219
591948,gpt-4.1-mini,4,4,1,3,0,0,1,0,0,1,7,Testing Prompt: 0.8219575459137219
291285,gpt-4.1-mini,4,3,4,4,0,0,1,0,1,1,7,Testing Prompt: 0.8219575459137219
555531,gpt-4.1-mini,3,1,1,2,0,0,1,0,1,0,7,Testing Prompt: 0.8219575459137219
274347,gpt-4.1-mini,4,4,4,4,0,0,1,0,0,0,7,Testing Prompt: 0.8219575459137219
216965,gpt-4.1-mini,3,3,4,4,0,1,1,0,1,1,7,Testing Prompt: 0.8219575459137219
242085,gpt-4.1-mini,3,1,1,3,0,0,1,1,0,0,7,Testing Prompt: 0.8219575459137219
543094,gpt-4.1-mini,3,3,3,3,0,0,1,0,0,1,7,Testing Prompt: 0.8219575459137219
643006,gpt-4.1-mini,4,3,3,4,0,0,1,1,0,1,7,Testing Prompt: 0.8219575459137219
244029,gpt-4.1-mini,3,4,2,3,0,0,1,0,1,0,7,Testing Prompt: 0.8219575459137219
534553,gpt-4.1-mini,2,1,1,2,0,0,1,0,0,0,7,Testing Prompt: 0.8219575459137219
238025,gpt-4.1-mini,4,4,2,4,0,0,1,0,0,0,7,Testing Prompt: 0.8219575459137219
215108,gpt-4.1-mini,4,3,3,4,1,0,1,1,0,1,7,Testing Prompt: 0.8219575459137219
561604,gpt-4.1-mini,2,2,1,2,0,0,0,1,0,0,7,Testing Prompt: 0.8219575459137219
717614,gpt-4.1-mini,2,2,2,2,0,1,0,0,0,0,7,Testing Prompt: 0.8219575459137219
704786,gpt-4.1-mini,2,3,1,2,0,0,1,1,0,0,7,Testing Prompt: 0.8219575459137219
630563,gpt-4.1-mini,3,3,4,3,0,0,0,0,0,1,7,Testing Prompt: 0.8219575459137219
640700,gpt-4.1-mini,3,3,1,3,0,0,1,1,0,0,7,Testing Prompt: 0.8219575459137219
184927,gpt-4.1-mini,4,4,3,4,0,0,1,1,0,1,7,Testing Prompt: 0.8219575459137219
266177,gpt-4.1-mini,3,2,3,3,0,0,0,0,0,1,7,Testing Prompt: 0.8219575459137219
735055,gpt-4.1-mini,3,2,2,3,0,0,0,0,1,1,7,Testing Prompt: 0.8219575459137219
263413,gpt-4.1-mini,4,3,3,4,0,0,1,1,0,1,7,Testing Prompt: 0.8219575459137219
257040,gpt-4.1-mini,4,2,3,4,0,0,1,0,0,1,7,Testing Prompt: 0.8219575459137219
564167,gpt-4.1-mini,3,3,3,3,1,0,1,1,1,1,7,Testing Prompt: 0.8219575459137219
601747,gpt-4.1-mini,1,1,1,1,0,0,0,0,0,0,7,Testing Prompt: 0.8219575459137219
211283,gpt-4.1-mini,3,3,3,3,0,0,0,0,0,1,7,Testing Prompt: 0.8219575459137219
505173,gpt-4.1-mini,3,2,4,4,0,0,0,1,1,0,7,Testing Prompt: 0.8219575459137219
524784,gpt-4.1-mini,4,3,3,4,1,0,1,1,0,1,7,Testing Prompt: 0.8219575459137219
644531,gpt-4.1-mini,3,3,2,3,0,0,1,0,0,1,7,Testing Prompt: 0.8219575459137219
231173,gpt-4.1-mini,4,4,3,4,0,0,1,0,0,1,7,Testing Prompt: 0.8219575459137219
200051,gpt-4.1-mini,3,3,2,3,0,0,1,1,0,0,7,Testing Prompt: 0.8219575459137219
232366,gpt-4.1-mini,2,2,1,2,0,0,0,0,0,0,7,Testing Prompt: 0.8219575459137219
575601,gpt-4.1-mini,3,3,4,3,0,0,1,0,0,1,7,Testing Prompt: 0.8219575459137219
503131,gpt-4.1-mini,2,3,1,1,0,0,0,0,0,1,7,Testing Prompt: 0.8219575459137219
590085,gpt-4.1-mini,4,4,2,4,0,0,1,1,1,0,7,Testing Prompt: 0.8219575459137219
584423,gpt-4.1-mini,3,3,4,3,0,0,0,0,0,1,7,Testing Prompt: 0.8219575459137219
248235,gpt-4.1-mini,4,4,4,4,0,1,1,1,1,1,7,Testing Prompt: 0.8219575459137219
561983,gpt-4.1-mini,4,3,3,4,1,0,1,1,1,1,7,Testing Prompt: 0.8219575459137219
543229,gpt-4.1-mini,4,3,3,4,0,0,1,0,0,1,7,Testing Prompt: 0.8219575459137219
581720,gpt-4.1-mini,4,4,4,4,1,0,1,0,0,1,7,Testing Prompt: 0.8219575459137219
529099,gpt-4.1-mini,3,3,3,3,0,0,0,0,0,1,7,Testing Prompt: 0.8219575459137219
248731,gpt-4.1-mini,3,2,3,3,0,0,0,1,0,1,7,Testing Prompt: 0.8219575459137219
505194,gpt-4.1-mini,4,4,4,4,0,0,1,0,0,1,7,Testing Prompt: 0.8219575459137219
506571,gpt-4.1-mini,4,3,2,3,0,0,1,1,0,0,7,Testing Prompt: 0.8219575459137219
264344,gpt-4.1-mini,4,3,3,4,0,0,1,0,0,1,7,Testing Prompt: 0.8219575459137219
263864,gpt-4.1-mini,4,3,2,4,0,0,1,0,0,1,7,Testing Prompt: 0.8219575459137219
174997,gpt-4.1-mini,3,1,1,3,0,0,0,0,0,0,7,Testing Prompt: 0.8219575459137219
600843,gpt-4.1-mini,3,2,3,3,0,1,0,0,0,1,7,Testing Prompt: 0.8219575459137219
601728,gpt-4.1-mini,3,3,2,3,0,0,1,0,0,0,7,Testing Prompt: 0.8219575459137219
580333,gpt-4.1-mini,2,1,2,2,0,0,0,0,0,1,7,Testing Prompt: 0.8219575459137219
249730,gpt-4.1-mini,2,1,1,2,0,0,0,0,0,0,7,Testing Prompt: 0.8219575459137219
225581,gpt-4.1-mini,4,4,3,4,1,0,1,1,0,1,7,Testing Prompt: 0.8219575459137219
613126,gpt-4.1-mini,4,4,3,4,0,0,1,0,1,1,7,Testing Prompt: 0.8219575459137219
167524,gpt-4.1-mini,3,2,4,3,0,0,0,0,0,0,7,Testing Prompt: 0.8219575459137219
242166,gpt-4.1-mini,2,1,3,2,0,0,0,0,0,0,7,Testing Prompt: 0.8219575459137219
613961,gpt-4.1-mini,4,3,4,4,0,0,1,0,0,1,7,Testing Prompt: 0.8219575459137219
211179,gpt-4.1-mini,2,1,1,2,0,0,0,1,0,0,7,Testing Prompt: 0.8219575459137219
551252,gpt-4.1-mini,3,3,4,4,0,1,1,1,1,1,7,Testing Prompt: 0.8219575459137219
172253,gpt-4.1-mini,3,3,4,3,0,0,0,0,0,0,7,Testing Prompt: 0.8219575459137219
641013,gpt-4.1-mini,3,3,3,3,0,0,0,0,0,1,7,Testing Prompt: 0.8219575459137219
529141,gpt-4.1-mini,1,1,2,1,0,0,0,0,0,0,7,Testing Prompt: 0.8219575459137219
238271,gpt-4.1-mini,3,2,3,3,1,0,1,0,0,1,7,Testing Prompt: 0.8219575459137219
556668,gpt-4.1-mini,2,1,4,2,0,0,0,1,0,0,7,Testing Prompt: 0.8219575459137219
628747,gpt-4.1-mini,3,2,2,3,0,0,0,0,0,0,7,Testing Prompt: 0.8219575459137219
225646,gpt-4.1-mini,3,1,3,3,0,0,0,1,0,0,7,Testing Prompt: 0.8219575459137219
528543,gpt-4.1-mini,3,2,1,3,1,0,0,0,0,1,7,Testing Prompt: 0.8219575459137219
207524,gpt-4.1-mini,3,2,1,3,0,0,1,0,0,0,7,Testing Prompt: 0.8219575459137219
615578,gpt-4.1-mini,4,3,4,4,1,0,1,0,1,1,7,Testing Prompt: 0.8219575459137219
257325,gpt-4.1-mini,3,3,3,3,0,0,0,0,0,0,7,Testing Prompt: 0.8219575459137219
588075,gpt-4.1-mini,2,2,3,2,0,0,0,0,0,0,7,Testing Prompt: 0.8219575459137219
282284,gpt-4.1-mini,2,1,1,1,0,0,0,0,0,0,7,Testing Prompt: 0.8219575459137219
248896,gpt-4.1-mini,2,3,1,2,0,0,0,0,0,0,7,Testing Prompt: 0.8219575459137219
576254,gpt-4.1-mini,2,3,1,2,0,0,0,0,0,0,7,Testing Prompt: 0.8219575459137219
511739,gpt-4.1-mini,1,1,1,1,0,0,0,0,0,1,7,Testing Prompt: 0.8219575459137219
195235,gpt-4.1-mini,2,3,3,2,0,0,1,0,0,1,7,Testing Prompt: 0.8219575459137219
217400,gpt-4.1-mini,3,1,1,2,0,0,0,1,0,0,7,Testing Prompt: 0.8219575459137219
546868,gpt-4.1-mini,4,4,3,4,0,0,0,0,0,0,7,Testing Prompt: 0.8219575459137219
586617,gpt-4.1-mini,4,3,4,4,0,0,1,1,1,1,7,Testing Prompt: 0.8219575459137219
293411,gpt-4.1-mini,2,1,1,1,1,0,0,0,0,1,7,Testing Prompt: 0.8219575459137219
614816,gpt-4.1-mini,3,2,4,3,0,0,0,0,1,1,7,Testing Prompt: 0.8219575459137219
545047,gpt-4.1-mini,3,1,2,3,0,0,0,1,0,1,7,Testing Prompt: 0.8219575459137219
557524,gpt-4.1-mini,2,1,1,2,0,0,0,1,0,0,7,Testing Prompt: 0.8219575459137219
524784,gpt-4.1-mini,4,1,2,4,0,0,0,0,0,1,8,Testing Prompt: 0.024424076548786866
546868,gpt-4.1-mini,2,1,1,2,0,0,0,0,0,0,8,Testing Prompt: 0.024424076548786866
613961,gpt-4.1-mini,3,2,1,3,0,0,1,0,0,1,8,Testing Prompt: 0.024424076548786866
505173,gpt-4.1-mini,4,1,2,4,0,0,0,1,1,1,8,Testing Prompt: 0.024424076548786866
184927,gpt-4.1-mini,3,4,2,4,1,0,1,0,0,1,8,Testing Prompt: 0.024424076548786866
511739,gpt-4.1-mini,2,1,1,1,0,0,0,0,0,1,8,Testing Prompt: 0.024424076548786866
274347,gpt-4.1-mini,4,4,4,4,0,0,1,0,0,1,8,Testing Prompt: 0.024424076548786866
226773,gpt-4.1-mini,3,1,3,3,0,0,1,0,1,1,8,Testing Prompt: 0.024424076548786866
551252,gpt-4.1-mini,3,2,3,3,0,1,1,0,1,1,8,Testing Prompt: 0.024424076548786866
564167,gpt-4.1-mini,3,3,2,3,1,0,1,1,1,1,8,Testing Prompt: 0.024424076548786866
211283,gpt-4.1-mini,3,2,2,3,0,1,0,0,0,1,8,Testing Prompt: 0.024424076548786866
238271,gpt-4.1-mini,3,3,4,4,0,0,1,0,0,1,8,Testing Prompt: 0.024424076548786866
225581,gpt-4.1-mini,4,4,1,4,1,0,1,0,0,1,8,Testing Prompt: 0.024424076548786866
558582,gpt-4.1-mini,1,1,3,1,0,0,0,0,0,1,8,Testing Prompt: 0.024424076548786866
586617,gpt-4.1-mini,3,2,4,3,0,0,1,0,1,1,8,Testing Prompt: 0.024424076548786866
216965,gpt-4.1-mini,3,3,1,3,0,0,1,0,0,1,8,Testing Prompt: 0.024424076548786866
580333,gpt-4.1-mini,2,1,1,1,0,1,0,0,0,1,8,Testing Prompt: 0.024424076548786866
706907,gpt-4.1-mini,3,2,1,2,0,0,1,0,1,0,8,Testing Prompt: 0.024424076548786866
217052,gpt-4.1-mini,2,1,1,1,0,1,0,0,0,1,8,Testing Prompt: 0.024424076548786866
282284,gpt-4.1-mini,4,2,1,3,0,0,0,0,0,1,8,Testing Prompt: 0.024424076548786866
291285,gpt-4.1-mini,4,3,4,4,0,0,1,0,0,1,8,Testing Prompt: 0.024424076548786866
545047,gpt-4.1-mini,2,2,3,2,0,0,0,1,0,0,8,Testing Prompt: 0.024424076548786866
257325,gpt-4.1-mini,3,4,3,3,0,0,0,0,0,1,8,Testing Prompt: 0.024424076548786866
525710,gpt-4.1-mini,4,4,3,4,0,0,1,1,1,1,8,Testing Prompt: 0.024424076548786866
561983,gpt-4.1-mini,4,2,1,3,1,0,1,1,1,0,8,Testing Prompt: 0.024424076548786866
264478,gpt-4.1-mini,3,3,4,3,0,0,0,0,0,0,8,Testing Prompt: 0.024424076548786866
293411,gpt-4.1-mini,2,1,2,2,1,0,0,0,0,1,8,Testing Prompt: 0.024424076548786866
607920,gpt-4.1-mini,2,1,1,2,0,0,0,0,0,1,8,Testing Prompt: 0.024424076548786866
630563,gpt-4.1-mini,2,3,4,2,0,0,0,0,0,1,8,Testing Prompt: 0.024424076548786866
534868,gpt-4.1-mini,2,1,2,2,0,0,0,0,0,1,8,Testing Prompt: 0.024424076548786866
613126,gpt-4.1-mini,4,4,4,4,0,1,1,0,0,1,8,Testing Prompt: 0.024424076548786866
231173,gpt-4.1-mini,4,3,4,4,0,0,1,0,0,1,8,Testing Prompt: 0.024424076548786866
703584,gpt-4.1-mini,3,3,1,2,0,0,1,0,0,1,8,Testing Prompt: 0.024424076548786866
614816,gpt-4.1-mini,3,2,4,4,0,0,0,0,0,1,8,Testing Prompt: 0.024424076548786866
238025,gpt-4.1-mini,4,4,3,4,0,0,1,0,0,1,8,Testing Prompt: 0.024424076548786866
601747,gpt-4.1-mini,1,1,1,1,0,0,0,0,0,0,8,Testing Prompt: 0.024424076548786866
503131,gpt-4.1-mini,2,3,1,2,0,0,0,0,0,1,8,Testing Prompt: 0.024424076548786866
704896,gpt-4.1-mini,3,2,1,3,0,0,0,1,0,1,8,Testing Prompt: 0.024424076548786866
512243,gpt-4.1-mini,3,1,3,2,0,1,0,0,1,1,8,Testing Prompt: 0.024424076548786866
207845,gpt-4.1-mini,3,3,2,3,1,0,0,0,0,1,8,Testing Prompt: 0.024424076548786866
215179,gpt-4.1-mini,2,1,1,1,0,0,0,0,0,1,8,Testing Prompt: 0.024424076548786866
240687,gpt-4.1-mini,2,1,2,2,0,0,0,1,1,0,8,Testing Prompt: 0.024424076548786866
735055,gpt-4.1-mini,3,1,1,2,0,0,1,0,0,1,8,Testing Prompt: 0.024424076548786866
640700,gpt-4.1-mini,3,3,1,2,0,0,1,0,0,0,8,Testing Prompt: 0.024424076548786866
534553,gpt-4.1-mini,2,2,1,2,0,0,1,1,0,1,8,Testing Prompt: 0.024424076548786866
529099,gpt-4.1-mini,2,1,3,2,0,0,0,0,0,0,8,Testing Prompt: 0.024424076548786866
266177,gpt-4.1-mini,2,1,3,3,0,0,0,0,0,0,8,Testing Prompt: 0.024424076548786866
244029,gpt-4.1-mini,4,4,1,4,0,0,1,0,1,0,8,Testing Prompt: 0.024424076548786866
218810,gpt-4.1-mini,2,1,1,2,0,1,0,0,0,0,8,Testing Prompt: 0.024424076548786866
167524,gpt-4.1-mini,3,1,1,2,0,0,0,1,0,1,8,Testing Prompt: 0.024424076548786866
600997,gpt-4.1-mini,4,4,1,4,0,0,1,1,1,1,8,Testing Prompt: 0.024424076548786866
211179,gpt-4.1-mini,2,1,1,2,0,0,1,1,0,0,8,Testing Prompt: 0.024424076548786866
530371,gpt-4.1-mini,4,4,1,4,0,0,1,1,0,1,8,Testing Prompt: 0.024424076548786866
263864,gpt-4.1-mini,4,3,1,4,0,0,1,1,0,1,8,Testing Prompt: 0.024424076548786866
264344,gpt-4.1-mini,3,1,1,3,0,0,1,0,0,0,8,Testing Prompt: 0.024424076548786866
215108,gpt-4.1-mini,4,2,4,4,0,0,1,1,1,1,8,Testing Prompt: 0.024424076548786866
585389,gpt-4.1-mini,2,1,4,2,0,0,0,0,1,1,8,Testing Prompt: 0.024424076548786866
576254,gpt-4.1-mini,2,3,1,2,0,0,0,0,0,0,8,Testing Prompt: 0.024424076548786866
247781,gpt-4.1-mini,3,4,1,3,0,0,0,0,0,1,8,Testing Prompt: 0.024424076548786866
248731,gpt-4.1-mini,3,3,4,3,0,0,1,0,0,1,8,Testing Prompt: 0.024424076548786866
207524,gpt-4.1-mini,2,2,1,2,0,0,1,0,0,0,8,Testing Prompt: 0.024424076548786866
628747,gpt-4.1-mini,2,1,1,2,0,0,0,0,0,0,8,Testing Prompt: 0.024424076548786866
172253,gpt-4.1-mini,2,3,3,2,0,0,0,0,0,1,8,Testing Prompt: 0.024424076548786866
557524,gpt-4.1-mini,2,1,1,2,0,0,0,1,0,1,8,Testing Prompt: 0.024424076548786866
188529,gpt-4.1-mini,3,2,1,2,0,0,1,0,1,0,8,Testing Prompt: 0.024424076548786866
263413,gpt-4.1-mini,4,4,2,3,0,0,1,1,0,1,8,Testing Prompt: 0.024424076548786866
232366,gpt-4.1-mini,2,1,1,2,0,0,1,1,0,0,8,Testing Prompt: 0.024424076548786866
219176,gpt-4.1-mini,4,1,1,3,0,1,1,0,0,1,8,Testing Prompt: 0.024424076548786866
208682,gpt-4.1-mini,3,1,4,3,0,0,1,0,1,1,8,Testing Prompt: 0.024424076548786866
550903,gpt-4.1-mini,4,3,4,4,0,0,1,0,1,1,8,Testing Prompt: 0.024424076548786866
644531,gpt-4.1-mini,4,4,1,4,0,1,1,0,0,1,8,Testing Prompt: 0.024424076548786866
248235,gpt-4.1-mini,3,3,2,3,1,0,1,1,0,1,8,Testing Prompt: 0.024424076548786866
174997,gpt-4.1-mini,2,1,1,2,0,0,0,1,0,0,8,Testing Prompt: 0.024424076548786866
543229,gpt-4.1-mini,3,1,1,3,0,0,1,0,0,1,8,Testing Prompt: 0.024424076548786866
217400,gpt-4.1-mini,2,1,1,2,0,0,0,1,0,1,8,Testing Prompt: 0.024424076548786866
615578,gpt-4.1-mini,4,2,4,4,1,0,1,0,1,1,8,Testing Prompt: 0.024424076548786866
590085,gpt-4.1-mini,3,2,1,3,0,0,1,1,0,1,8,Testing Prompt: 0.024424076548786866
505194,gpt-4.1-mini,3,3,1,3,0,1,1,1,0,1,8,Testing Prompt: 0.024424076548786866
247482,gpt-4.1-mini,3,2,3,3,1,1,1,1,0,1,8,Testing Prompt: 0.024424076548786866
588075,gpt-4.1-mini,3,1,2,3,0,0,0,1,0,0,8,Testing Prompt: 0.024424076548786866
225646,gpt-4.1-mini,2,1,2,2,0,0,1,1,0,0,8,Testing Prompt: 0.024424076548786866
555531,gpt-4.1-mini,1,1,1,1,0,0,0,0,1,0,8,Testing Prompt: 0.024424076548786866
717614,gpt-4.1-mini,2,2,1,2,0,0,0,0,0,0,8,Testing Prompt: 0.024424076548786866
704786,gpt-4.1-mini,3,1,1,2,0,0,1,1,0,0,8,Testing Prompt: 0.024424076548786866
573597,gpt-4.1-mini,4,3,1,4,0,0,1,0,0,1,8,Testing Prompt: 0.024424076548786866
529141,gpt-4.1-mini,1,1,2,1,0,0,0,0,0,0,8,Testing Prompt: 0.024424076548786866
225577,gpt-4.1-mini,3,1,3,3,0,0,0,0,1,0,8,Testing Prompt: 0.024424076548786866
200051,gpt-4.1-mini,3,1,1,3,0,0,1,0,0,0,8,Testing Prompt: 0.024424076548786866
556668,gpt-4.1-mini,2,1,4,2,0,0,0,1,1,1,8,Testing Prompt: 0.024424076548786866
591948,gpt-4.1-mini,3,3,2,3,0,0,1,0,0,1,8,Testing Prompt: 0.024424076548786866
195235,gpt-4.1-mini,2,1,1,1,0,0,1,0,0,0,8,Testing Prompt: 0.024424076548786866
264262,gpt-4.1-mini,2,1,1,2,0,0,0,0,0,0,8,Testing Prompt: 0.024424076548786866
575601,gpt-4.1-mini,3,3,1,3,0,0,0,0,0,1,8,Testing Prompt: 0.024424076548786866
601728,gpt-4.1-mini,3,1,1,3,0,0,0,0,1,0,8,Testing Prompt: 0.024424076548786866
257040,gpt-4.1-mini,4,3,4,4,0,1,1,0,0,0,8,Testing Prompt: 0.024424076548786866
632387,gpt-4.1-mini,2,1,1,2,1,0,0,0,0,0,8,Testing Prompt: 0.024424076548786866
546578,gpt-4.1-mini,3,1,1,2,0,0,1,0,0,0,8,Testing Prompt: 0.024424076548786866
581720,gpt-4.1-mini,4,3,4,4,1,0,1,0,1,1,8,Testing Prompt: 0.024424076548786866
190056,gpt-4.1-mini,3,1,1,2,0,0,1,0,0,0,8,Testing Prompt: 0.024424076548786866
543094,gpt-4.1-mini,3,3,3,3,0,0,1,0,1,1,8,Testing Prompt: 0.024424076548786866
506571,gpt-4.1-mini,3,2,1,3,0,0,1,1,0,0,8,Testing Prompt: 0.024424076548786866
641013,gpt-4.1-mini,2,2,3,2,0,0,0,0,1,1,8,Testing Prompt: 0.024424076548786866
249730,gpt-4.1-mini,2,1,2,2,0,0,0,0,0,0,8,Testing Prompt: 0.024424076548786866
253693,gpt-4.1-mini,4,2,4,4,0,0,0,0,1,1,8,Testing Prompt: 0.024424076548786866
248896,gpt-4.1-mini,2,2,1,2,0,0,1,0,0,0,8,Testing Prompt: 0.024424076548786866
700128,gpt-4.1-mini,2,2,3,2,0,1,0,0,0,1,8,Testing Prompt: 0.024424076548786866
643006,gpt-4.1-mini,4,4,1,4,0,0,1,1,1,1,8,Testing Prompt: 0.024424076548786866
561604,gpt-4.1-mini,2,1,1,2,0,0,1,1,0,0,8,Testing Prompt: 0.024424076548786866
242166,gpt-4.1-mini,3,1,4,3,0,1,0,0,0,1,8,Testing Prompt: 0.024424076548786866
528543,gpt-4.1-mini,3,2,1,2,1,0,0,0,0,0,8,Testing Prompt: 0.024424076548786866
600843,gpt-4.1-mini,3,1,3,2,0,0,0,1,0,0,8,Testing Prompt: 0.024424076548786866
584423,gpt-4.1-mini,3,2,4,2,0,1,0,0,0,1,8,Testing Prompt: 0.024424076548786866
242085,gpt-4.1-mini,4,1,1,4,0,0,1,1,0,0,8,Testing Prompt: 0.024424076548786866
643006,gpt-4.1-mini,3,3,2,3,0,0,1,1,1,1,9,Testing Prompt: 0.7602236303729902
248731,gpt-4.1-mini,2,3,3,3,0,0,0,0,0,1,9,Testing Prompt: 0.7602236303729902
242085,gpt-4.1-mini,3,2,1,3,0,0,1,1,1,0,9,Testing Prompt: 0.7602236303729902
613126,gpt-4.1-mini,4,4,3,4,0,0,1,0,0,1,9,Testing Prompt: 0.7602236303729902
529141,gpt-4.1-mini,1,1,3,1,0,0,0,0,0,0,9,Testing Prompt: 0.7602236303729902
558582,gpt-4.1-mini,1,1,3,1,0,0,0,0,0,0,9,Testing Prompt: 0.7602236303729902
632387,gpt-4.1-mini,2,1,2,2,0,0,0,1,0,0,9,Testing Prompt: 0.7602236303729902
240687,gpt-4.1-mini,2,3,1,3,0,0,0,1,1,0,9,Testing Prompt: 0.7602236303729902
244029,gpt-4.1-mini,4,4,1,4,0,0,1,1,1,0,9,Testing Prompt: 0.7602236303729902
530371,gpt-4.1-mini,4,4,1,4,0,0,1,1,0,1,9,Testing Prompt: 0.7602236303729902
257040,gpt-4.1-mini,3,3,4,3,0,1,1,0,0,1,9,Testing Prompt: 0.7602236303729902
232366,gpt-4.1-mini,2,1,1,2,0,0,1,0,0,1,9,Testing Prompt: 0.7602236303729902
184927,gpt-4.1-mini,4,4,3,4,0,1,1,1,0,1,9,Testing Prompt: 0.7602236303729902
207524,gpt-4.1-mini,3,2,1,2,0,0,1,0,0,0,9,Testing Prompt: 0.7602236303729902
525710,gpt-4.1-mini,3,3,2,4,0,1,1,1,1,1,9,Testing Prompt: 0.7602236303729902
511739,gpt-4.1-mini,2,1,1,1,0,0,0,0,0,1,9,Testing Prompt: 0.7602236303729902
211179,gpt-4.1-mini,2,1,1,2,0,0,1,0,0,1,9,Testing Prompt: 0.7602236303729902
573597,gpt-4.1-mini,3,2,1,3,0,0,1,0,0,1,9,Testing Prompt: 0.7602236303729902
600997,gpt-4.1-mini,4,4,1,4,0,0,1,1,1,1,9,Testing Prompt: 0.7602236303729902
172253,gpt-4.1-mini,3,2,4,2,0,0,0,0,0,1,9,Testing Prompt: 0.7602236303729902
207845,gpt-4.1-mini,3,3,3,3,1,0,0,0,1,1,9,Testing Prompt: 0.7602236303729902
195235,gpt-4.1-mini,2,3,4,2,0,0,1,0,0,0,9,Testing Prompt: 0.7602236303729902
505194,gpt-4.1-mini,3,3,3,3,0,0,1,0,0,0,9,Testing Prompt: 0.7602236303729902
216965,gpt-4.1-mini,4,4,2,4,0,0,1,0,0,1,9,Testing Prompt: 0.7602236303729902
190056,gpt-4.1-mini,2,3,2,2,0,0,0,1,0,0,9,Testing Prompt: 0.7602236303729902
591948,gpt-4.1-mini,4,4,1,3,0,0,0,0,0,1,9,Testing Prompt: 0.7602236303729902
735055,gpt-4.1-mini,4,3,2,4,0,0,0,1,0,1,9,Testing Prompt: 0.7602236303729902
704896,gpt-4.1-mini,3,2,1,3,0,0,0,1,0,0,9,Testing Prompt: 0.7602236303729902
600843,gpt-4.1-mini,3,3,3,3,0,0,0,0,0,1,9,Testing Prompt: 0.7602236303729902
644531,gpt-4.1-mini,4,3,2,4,0,0,1,0,0,1,9,Testing Prompt: 0.7602236303729902
248896,gpt-4.1-mini,3,3,1,3,0,0,1,0,0,0,9,Testing Prompt: 0.7602236303729902
247482,gpt-4.1-mini,4,2,4,4,0,1,1,1,1,1,9,Testing Prompt: 0.7602236303729902
505173,gpt-4.1-mini,4,3,4,4,0,0,1,0,1,1,9,Testing Prompt: 0.7602236303729902
219176,gpt-4.1-mini,4,3,1,4,0,1,1,1,0,1,9,Testing Prompt: 0.7602236303729902
581720,gpt-4.1-mini,4,4,4,4,1,0,1,0,1,1,9,Testing Prompt: 0.7602236303729902
282284,gpt-4.1-mini,4,2,2,3,0,0,0,0,0,1,9,Testing Prompt: 0.7602236303729902
534553,gpt-4.1-mini,3,2,1,3,0,0,1,1,0,1,9,Testing Prompt: 0.7602236303729902
613961,gpt-4.1-mini,4,3,1,3,0,0,1,0,0,1,9,Testing Prompt: 0.7602236303729902
551252,gpt-4.1-mini,4,3,4,4,0,1,1,1,1,1,9,Testing Prompt: 0.7602236303729902
588075,gpt-4.1-mini,3,3,2,3,0,0,0,0,0,0,9,Testing Prompt: 0.7602236303729902
717614,gpt-4.1-mini,2,1,2,2,0,0,0,1,0,0,9,Testing Prompt: 0.7602236303729902
628747,gpt-4.1-mini,3,1,1,3,0,0,0,0,0,0,9,Testing Prompt: 0.7602236303729902
706907,gpt-4.1-mini,3,2,1,3,0,0,1,1,1,0,9,Testing Prompt: 0.7602236303729902
242166,gpt-4.1-mini,2,1,4,3,0,0,0,0,0,1,9,Testing Prompt: 0.7602236303729902
217400,gpt-4.1-mini,3,1,1,3,0,0,0,1,0,0,9,Testing Prompt: 0.7602236303729902
561604,gpt-4.1-mini,2,1,1,2,0,0,1,1,0,0,9,Testing Prompt: 0.7602236303729902
550903,gpt-4.1-mini,4,3,4,4,0,1,1,0,1,1,9,Testing Prompt: 0.7602236303729902
545047,gpt-4.1-mini,3,2,3,3,0,0,1,0,0,0,9,Testing Prompt: 0.7602236303729902
253693,gpt-4.1-mini,4,3,4,4,0,1,0,0,1,1,9,Testing Prompt: 0.7602236303729902
607920,gpt-4.1-mini,2,1,1,2,0,0,0,0,0,1,9,Testing Prompt: 0.7602236303729902
580333,gpt-4.1-mini,3,1,1,2,0,1,0,0,0,1,9,Testing Prompt: 0.7602236303729902
543094,gpt-4.1-mini,3,3,2,3,0,0,1,0,0,0,9,Testing Prompt: 0.7602236303729902
546578,gpt-4.1-mini,3,1,1,2,0,0,1,0,0,0,9,Testing Prompt: 0.7602236303729902
601747,gpt-4.1-mini,1,1,1,1,0,0,0,0,0,0,9,Testing Prompt: 0.7602236303729902
167524,gpt-4.1-mini,3,1,4,3,0,0,0,0,0,1,9,Testing Prompt: 0.7602236303729902
248235,gpt-4.1-mini,4,4,2,4,0,0,1,1,1,1,9,Testing Prompt: 0.7602236303729902
263864,gpt-4.1-mini,4,3,2,4,0,0,1,0,0,0,9,Testing Prompt: 0.7602236303729902
238025,gpt-4.1-mini,4,3,3,4,0,0,1,1,0,0,9,Testing Prompt: 0.7602236303729902
238271,gpt-4.1-mini,3,1,3,3,0,0,1,0,0,1,9,Testing Prompt: 0.7602236303729902
211283,gpt-4.1-mini,4,3,4,4,0,1,0,0,0,0,9,Testing Prompt: 0.7602236303729902
534868,gpt-4.1-mini,2,1,1,1,0,0,0,0,0,0,9,Testing Prompt: 0.7602236303729902
555531,gpt-4.1-mini,2,2,1,2,0,0,0,1,1,0,9,Testing Prompt: 0.7602236303729902
249730,gpt-4.1-mini,2,1,1,1,0,0,0,0,0,0,9,Testing Prompt: 0.7602236303729902
200051,gpt-4.1-mini,3,1,1,3,0,0,1,1,0,0,9,Testing Prompt: 0.7602236303729902
590085,gpt-4.1-mini,3,2,1,3,0,0,1,1,1,1,9,Testing Prompt: 0.7602236303729902
700128,gpt-4.1-mini,2,1,4,2,0,0,0,0,0,1,9,Testing Prompt: 0.7602236303729902
226773,gpt-4.1-mini,3,1,3,3,0,0,1,0,1,1,9,Testing Prompt: 0.7602236303729902
503131,gpt-4.1-mini,2,2,1,2,0,0,0,0,0,1,9,Testing Prompt: 0.7602236303729902
557524,gpt-4.1-mini,2,1,1,2,0,0,0,1,0,0,9,Testing Prompt: 0.7602236303729902
225577,gpt-4.1-mini,3,1,3,3,0,0,0,0,1,0,9,Testing Prompt: 0.7602236303729902
506571,gpt-4.1-mini,3,1,1,3,0,0,1,1,0,0,9,Testing Prompt: 0.7602236303729902
576254,gpt-4.1-mini,1,3,1,2,0,0,0,0,0,0,9,Testing Prompt: 0.7602236303729902
231173,gpt-4.1-mini,4,2,3,4,0,0,1,0,1,1,9,Testing Prompt: 0.7602236303729902
585389,gpt-4.1-mini,3,1,4,3,0,0,0,0,1,1,9,Testing Prompt: 0.7602236303729902
247781,gpt-4.1-mini,2,3,2,2,0,0,0,0,0,1,9,Testing Prompt: 0.7602236303729902
266177,gpt-4.1-mini,3,1,3,3,0,0,0,0,0,0,9,Testing Prompt: 0.7602236303729902
217052,gpt-4.1-mini,2,1,1,1,0,1,0,0,0,1,9,Testing Prompt: 0.7602236303729902
291285,gpt-4.1-mini,3,3,3,3,0,0,1,0,1,1,9,Testing Prompt: 0.7602236303729902
543229,gpt-4.1-mini,4,1,1,3,0,0,1,0,1,0,9,Testing Prompt: 0.7602236303729902
215179,gpt-4.1-mini,2,1,1,1,0,1,0,0,0,1,9,Testing Prompt: 0.7602236303729902
704786,gpt-4.1-mini,2,3,1,2,0,0,1,1,1,0,9,Testing Prompt: 0.7602236303729902
274347,gpt-4.1-mini,4,4,4,4,0,0,1,0,0,0,9,Testing Prompt: 0.7602236303729902
524784,gpt-4.1-mini,3,2,1,3,0,0,0,0,0,0,9,Testing Prompt: 0.7602236303729902
703584,gpt-4.1-mini,3,1,1,3,0,0,1,0,0,1,9,Testing Prompt: 0.7602236303729902
263413,gpt-4.1-mini,4,4,2,4,0,0,1,0,0,0,9,Testing Prompt: 0.7602236303729902
218810,gpt-4.1-mini,2,1,1,1,0,0,0,0,0,0,9,Testing Prompt: 0.7602236303729902
208682,gpt-4.1-mini,3,1,4,3,0,0,0,1,0,1,9,Testing Prompt: 0.7602236303729902
584423,gpt-4.1-mini,3,1,1,2,0,0,0,0,0,1,9,Testing Prompt: 0.7602236303729902
556668,gpt-4.1-mini,3,1,4,2,0,0,0,1,1,0,9,Testing Prompt: 0.7602236303729902
564167,gpt-4.1-mini,3,3,3,4,1,0,1,1,1,1,9,Testing Prompt: 0.7602236303729902
174997,gpt-4.1-mini,2,1,1,2,0,0,0,0,0,0,9,Testing Prompt: 0.7602236303729902
293411,gpt-4.1-mini,3,2,3,3,1,1,0,0,0,0,9,Testing Prompt: 0.7602236303729902
575601,gpt-4.1-mini,3,1,3,3,0,0,1,0,0,0,9,Testing Prompt: 0.7602236303729902
630563,gpt-4.1-mini,3,2,3,3,0,1,0,0,0,0,9,Testing Prompt: 0.7602236303729902
546868,gpt-4.1-mini,3,3,4,3,0,0,0,0,0,0,9,Testing Prompt: 0.7602236303729902
641013,gpt-4.1-mini,3,1,3,3,0,0,0,0,0,0,9,Testing Prompt: 0.7602236303729902
264478,gpt-4.1-mini,3,1,4,3,0,0,0,0,0,0,9,Testing Prompt: 0.7602236303729902
225581,gpt-4.1-mini,4,4,3,4,1,0,1,0,0,1,9,Testing Prompt: 0.7602236303729902
615578,gpt-4.1-mini,4,2,4,4,1,0,1,0,1,1,9,Testing Prompt: 0.7602236303729902
529099,gpt-4.1-mini,3,3,3,3,0,0,0,0,0,0,9,Testing Prompt: 0.7602236303729902
512243,gpt-4.1-mini,2,1,3,2,0,1,0,0,1,1,9,Testing Prompt: 0.7602236303729902
601728,gpt-4.1-mini,2,3,1,2,0,0,1,0,0,0,9,Testing Prompt: 0.7602236303729902
528543,gpt-4.1-mini,3,1,1,2,0,0,0,0,0,0,9,Testing Prompt: 0.7602236303729902
264262,gpt-4.1-mini,2,1,1,2,0,0,0,0,0,0,9,Testing Prompt: 0.7602236303729902
215108,gpt-4.1-mini,4,4,4,4,1,0,1,0,0,1,9,Testing Prompt: 0.7602236303729902
257325,gpt-4.1-mini,3,3,3,3,0,0,0,0,0,1,9,Testing Prompt: 0.7602236303729902
614816,gpt-4.1-mini,3,3,4,4,0,0,1,0,1,1,9,Testing Prompt: 0.7602236303729902
188529,gpt-4.1-mini,3,2,1,2,0,0,1,0,1,0,9,Testing Prompt: 0.7602236303729902
586617,gpt-4.1-mini,4,3,4,4,0,0,1,1,0,1,9,Testing Prompt: 0.7602236303729902
225646,gpt-4.1-mini,3,1,1,3,0,0,0,1,0,1,9,Testing Prompt: 0.7602236303729902
640700,gpt-4.1-mini,3,3,1,3,0,0,1,1,0,0,9,Testing Prompt: 0.7602236303729902
264344,gpt-4.1-mini,4,3,3,4,0,0,1,0,0,0,9,Testing Prompt: 0.7602236303729902
561983,gpt-4.1-mini,4,2,1,3,1,0,1,1,1,1,9,Testing Prompt: 0.7602236303729902
