record_id,Scorer Name,Goal Orientation,Engagement with Evidence,Collaborative Decision-Making,Strategic Planning,Cultural Responsiveness,Parent/Community Engagement,Academic Achievement,Candidate Experience/Expertise,Evaluation,School Culture Fit,call_number,prompt_name, degrade field,Evaluation pipelines
703584,gpt-5,2,1,1,2,0,0,1,0,0,1,0,Testing Prompt: 0.020562719870066637,,
561983,gpt-5,4,3,1,4,1,0,0,1,1,1,0,Testing Prompt: 0.020562719870066637,,
174997,gpt-5,2,1,3,3,0,0,0,1,0,0,0,Testing Prompt: 0.020562719870066637,,
585389,gpt-5,2,1,3,2,0,0,0,0,1,0,0,Testing Prompt: 0.020562719870066637,,
263864,gpt-5,4,3,1,4,0,0,1,1,0,1,0,Testing Prompt: 0.020562719870066637,,
240687,gpt-5,2,4,3,2,0,0,1,0,1,0,0,Testing Prompt: 0.020562719870066637,,
700128,gpt-5,2,3,4,2,0,0,0,0,0,1,0,Testing Prompt: 0.020562719870066637,,
591948,gpt-5,3,3,3,2,0,0,0,0,0,1,0,Testing Prompt: 0.020562719870066637,,
601728,gpt-5,2,4,1,2,0,0,1,0,1,0,0,Testing Prompt: 0.020562719870066637,,
274347,gpt-5,4,4,4,4,0,0,1,0,0,1,0,Testing Prompt: 0.020562719870066637,,
247482,gpt-5,3,4,4,2,0,0,1,1,1,1,0,Testing Prompt: 0.020562719870066637,,
706907,gpt-5,2,3,4,3,0,0,1,0,1,1,0,Testing Prompt: 0.020562719870066637,,
248731,gpt-5,3,4,4,4,0,0,1,0,1,1,0,Testing Prompt: 0.020562719870066637,,
644531,gpt-5,3,3,3,3,0,0,1,1,0,1,0,Testing Prompt: 0.020562719870066637,,
543094,gpt-5,3,4,4,2,0,0,1,0,0,1,0,Testing Prompt: 0.020562719870066637,,
511739,gpt-5,2,1,1,1,0,0,0,0,0,1,0,Testing Prompt: 0.020562719870066637,,
550903,gpt-5,4,3,4,3,0,1,1,0,1,1,0,Testing Prompt: 0.020562719870066637,,
546578,gpt-5,3,2,1,2,0,0,1,0,0,1,0,Testing Prompt: 0.020562719870066637,,
215179,gpt-5,2,1,4,2,0,0,0,0,0,1,0,Testing Prompt: 0.020562719870066637,,
188529,gpt-5,3,2,1,2,0,0,1,0,1,0,0,Testing Prompt: 0.020562719870066637,,
264478,gpt-5,2,2,3,2,0,0,0,0,0,1,0,Testing Prompt: 0.020562719870066637,,
588075,gpt-5,2,2,3,2,0,0,0,0,0,0,0,Testing Prompt: 0.020562719870066637,,
247781,gpt-5,2,4,4,3,0,0,0,0,0,1,0,Testing Prompt: 0.020562719870066637,,
600997,gpt-5,4,4,3,4,0,0,1,1,1,1,0,Testing Prompt: 0.020562719870066637,,
628747,gpt-5,2,1,3,2,0,0,0,0,0,1,0,Testing Prompt: 0.020562719870066637,,
264262,gpt-5,2,1,2,2,0,0,0,0,0,0,0,Testing Prompt: 0.020562719870066637,,
505194,gpt-5,2,2,3,3,0,0,0,0,1,0,0,Testing Prompt: 0.020562719870066637,,
217400,gpt-5,2,1,3,2,0,0,1,0,0,0,0,Testing Prompt: 0.020562719870066637,,
558582,gpt-5,2,1,3,2,0,0,0,0,1,1,0,Testing Prompt: 0.020562719870066637,,
613126,gpt-5,4,4,3,4,0,0,1,0,0,1,0,Testing Prompt: 0.020562719870066637,,
613961,gpt-5,3,3,3,3,0,0,1,0,0,1,0,Testing Prompt: 0.020562719870066637,,
643006,gpt-5,3,3,3,4,0,0,1,0,1,1,0,Testing Prompt: 0.020562719870066637,,
564167,gpt-5,3,4,1,3,1,0,1,1,1,1,0,Testing Prompt: 0.020562719870066637,,
200051,gpt-5,3,3,1,2,0,0,1,0,0,0,0,Testing Prompt: 0.020562719870066637,,
232366,gpt-5,3,3,1,2,0,0,1,0,0,0,0,Testing Prompt: 0.020562719870066637,,
614816,gpt-5,2,2,4,3,0,0,0,0,1,1,0,Testing Prompt: 0.020562719870066637,,
218810,gpt-5,2,1,3,2,0,0,1,1,0,1,0,Testing Prompt: 0.020562719870066637,,
512243,gpt-5,2,2,3,2,0,0,0,0,0,1,0,Testing Prompt: 0.020562719870066637,,
211179,gpt-5,2,1,1,2,0,0,0,1,0,0,0,Testing Prompt: 0.020562719870066637,,
231173,gpt-5,4,4,4,4,0,0,1,0,0,1,0,Testing Prompt: 0.020562719870066637,,
506571,gpt-5,3,4,3,4,0,0,1,1,0,0,0,Testing Prompt: 0.020562719870066637,,
524784,gpt-5,3,3,3,4,0,0,0,0,1,1,0,Testing Prompt: 0.020562719870066637,,
534868,gpt-5,2,1,3,2,0,0,0,0,0,1,0,Testing Prompt: 0.020562719870066637,,
534553,gpt-5,3,3,1,4,0,0,1,1,0,0,0,Testing Prompt: 0.020562719870066637,,
257040,gpt-5,2,2,4,2,0,0,1,0,0,1,0,Testing Prompt: 0.020562719870066637,,
195235,gpt-5,3,3,4,2,0,0,1,0,0,1,0,Testing Prompt: 0.020562719870066637,,
226773,gpt-5,2,1,3,2,0,0,0,0,1,1,0,Testing Prompt: 0.020562719870066637,,
640700,gpt-5,3,4,1,3,0,0,1,1,0,0,0,Testing Prompt: 0.020562719870066637,,
551252,gpt-5,2,2,4,2,0,1,0,1,1,1,0,Testing Prompt: 0.020562719870066637,,
208682,gpt-5,3,1,4,4,0,0,1,0,1,1,0,Testing Prompt: 0.020562719870066637,,
581720,gpt-5,4,4,3,4,1,0,1,0,0,1,0,Testing Prompt: 0.020562719870066637,,
600843,gpt-5,2,1,3,2,0,1,0,0,0,1,0,Testing Prompt: 0.020562719870066637,,
264344,gpt-5,4,4,3,4,0,0,1,0,0,1,0,Testing Prompt: 0.020562719870066637,,
215108,gpt-5,3,3,4,4,0,0,1,0,1,1,0,Testing Prompt: 0.020562719870066637,,
238271,gpt-5,3,2,4,4,0,0,1,0,1,1,0,Testing Prompt: 0.020562719870066637,,
291285,gpt-5,3,4,4,4,0,0,1,1,1,1,0,Testing Prompt: 0.020562719870066637,,
219176,gpt-5,4,4,3,4,0,1,1,1,1,1,0,Testing Prompt: 0.020562719870066637,,
225581,gpt-5,4,4,3,4,1,0,1,1,0,1,0,Testing Prompt: 0.020562719870066637,,
282284,gpt-5,2,1,1,1,0,0,0,0,0,1,0,Testing Prompt: 0.020562719870066637,,
580333,gpt-5,2,1,1,2,0,0,0,0,0,1,0,Testing Prompt: 0.020562719870066637,,
586617,gpt-5,3,3,4,3,0,0,1,1,1,1,0,Testing Prompt: 0.020562719870066637,,
717614,gpt-5,2,2,3,2,0,0,0,0,0,0,0,Testing Prompt: 0.020562719870066637,,
172253,gpt-5,2,4,4,2,0,0,0,0,0,1,0,Testing Prompt: 0.020562719870066637,,
576254,gpt-5,2,3,1,2,0,0,0,0,0,1,0,Testing Prompt: 0.020562719870066637,,
607920,gpt-5,2,1,1,2,0,0,0,0,0,1,0,Testing Prompt: 0.020562719870066637,,
525710,gpt-5,3,4,3,4,0,0,1,1,1,1,0,Testing Prompt: 0.020562719870066637,,
573597,gpt-5,3,3,1,3,0,0,1,0,1,1,0,Testing Prompt: 0.020562719870066637,,
238025,gpt-5,3,4,1,4,0,0,1,0,0,0,0,Testing Prompt: 0.020562719870066637,,
632387,gpt-5,2,2,3,2,0,0,0,0,0,1,0,Testing Prompt: 0.020562719870066637,,
253693,gpt-5,3,1,4,2,0,0,0,0,1,1,0,Testing Prompt: 0.020562719870066637,,
584423,gpt-5,2,2,4,1,0,0,0,0,0,1,0,Testing Prompt: 0.020562719870066637,,
561604,gpt-5,2,3,1,2,0,0,0,1,0,0,0,Testing Prompt: 0.020562719870066637,,
257325,gpt-5,2,4,4,2,0,0,0,0,0,1,0,Testing Prompt: 0.020562719870066637,,
735055,gpt-5,2,4,3,2,0,0,0,0,0,1,0,Testing Prompt: 0.020562719870066637,,
248235,gpt-5,4,4,3,4,0,1,1,0,0,1,0,Testing Prompt: 0.020562719870066637,,
530371,gpt-5,3,2,3,4,0,0,1,1,0,0,0,Testing Prompt: 0.020562719870066637,,
641013,gpt-5,3,2,3,2,0,0,0,0,1,1,0,Testing Prompt: 0.020562719870066637,,
615578,gpt-5,4,4,3,4,1,0,1,0,1,1,0,Testing Prompt: 0.020562719870066637,,
590085,gpt-5,3,3,1,3,0,0,1,1,1,1,0,Testing Prompt: 0.020562719870066637,,
575601,gpt-5,4,4,3,3,0,0,1,0,1,1,0,Testing Prompt: 0.020562719870066637,,
225646,gpt-5,3,2,3,3,0,0,0,1,0,1,0,Testing Prompt: 0.020562719870066637,,
242085,gpt-5,3,2,1,3,0,0,1,1,0,0,0,Testing Prompt: 0.020562719870066637,,
546868,gpt-5,2,3,3,2,0,0,0,0,1,0,0,Testing Prompt: 0.020562719870066637,,
217052,gpt-5,2,1,3,1,0,1,0,0,0,1,0,Testing Prompt: 0.020562719870066637,,
601747,gpt-5,2,1,1,2,0,0,0,0,1,0,0,Testing Prompt: 0.020562719870066637,,
207845,gpt-5,2,4,3,2,1,0,0,1,1,1,0,Testing Prompt: 0.020562719870066637,,
505173,gpt-5,3,3,4,4,0,0,0,1,1,1,0,Testing Prompt: 0.020562719870066637,,
211283,gpt-5,2,4,4,3,0,0,0,0,1,1,0,Testing Prompt: 0.020562719870066637,,
190056,gpt-5,2,1,3,2,1,0,0,0,0,0,0,Testing Prompt: 0.020562719870066637,,
167524,gpt-5,2,1,3,2,0,0,0,0,0,1,0,Testing Prompt: 0.020562719870066637,,
207524,gpt-5,3,4,3,4,0,0,1,0,0,0,0,Testing Prompt: 0.020562719870066637,,
545047,gpt-5,4,4,4,4,0,0,1,1,1,1,0,Testing Prompt: 0.020562719870066637,,
555531,gpt-5,2,3,3,2,0,0,0,0,1,1,0,Testing Prompt: 0.020562719870066637,,
244029,gpt-5,3,4,4,4,0,0,1,1,1,0,0,Testing Prompt: 0.020562719870066637,,
263413,gpt-5,4,4,4,4,0,0,1,1,1,1,0,Testing Prompt: 0.020562719870066637,,
184927,gpt-5,4,4,4,4,0,0,1,0,1,1,0,Testing Prompt: 0.020562719870066637,,
293411,gpt-5,2,1,3,2,1,1,0,0,0,1,0,Testing Prompt: 0.020562719870066637,,
248896,gpt-5,3,3,3,3,0,0,1,0,0,1,0,Testing Prompt: 0.020562719870066637,,
225577,gpt-5,2,3,4,3,0,0,0,0,1,0,0,Testing Prompt: 0.020562719870066637,,
543229,gpt-5,3,3,3,4,0,0,1,0,0,1,0,Testing Prompt: 0.020562719870066637,,
529099,gpt-5,2,1,3,3,0,0,0,0,0,1,0,Testing Prompt: 0.020562719870066637,,
503131,gpt-5,2,4,1,2,0,0,0,0,0,1,0,Testing Prompt: 0.020562719870066637,,
266177,gpt-5,2,1,4,2,0,0,0,0,0,1,0,Testing Prompt: 0.020562719870066637,,
529141,gpt-5,2,1,3,2,0,0,0,0,0,0,0,Testing Prompt: 0.020562719870066637,,
557524,gpt-5,2,1,3,3,0,0,0,0,0,1,0,Testing Prompt: 0.020562719870066637,,
528543,gpt-5,4,4,3,4,0,0,0,0,0,1,0,Testing Prompt: 0.020562719870066637,,
704896,gpt-5,3,1,1,3,0,0,0,1,0,0,0,Testing Prompt: 0.020562719870066637,,
216965,gpt-5,4,4,1,3,0,0,0,0,0,1,0,Testing Prompt: 0.020562719870066637,,
556668,gpt-5,3,1,4,3,0,0,1,0,1,1,0,Testing Prompt: 0.020562719870066637,,
242166,gpt-5,2,1,3,2,0,0,0,0,1,1,0,Testing Prompt: 0.020562719870066637,,
249730,gpt-5,2,1,3,2,0,0,0,0,0,0,0,Testing Prompt: 0.020562719870066637,,
630563,gpt-5,2,4,4,2,0,0,0,0,0,1,0,Testing Prompt: 0.020562719870066637,,
704786,gpt-5,3,4,1,4,0,0,1,1,0,0,0,Testing Prompt: 0.020562719870066637,,
575601,gpt-5,3,4,3,2,0,0,1,0,0,1,1,Testing Prompt: 0.5306754229826773,,
600843,gpt-5,2,3,3,2,0,0,0,1,0,1,1,Testing Prompt: 0.5306754229826773,,
247781,gpt-5,2,4,4,3,0,0,0,0,0,1,1,Testing Prompt: 0.5306754229826773,,
184927,gpt-5,4,4,4,4,0,0,1,1,0,1,1,Testing Prompt: 0.5306754229826773,,
586617,gpt-5,3,2,4,3,0,0,1,1,1,1,1,Testing Prompt: 0.5306754229826773,,
585389,gpt-5,2,1,3,2,0,0,0,0,1,1,1,Testing Prompt: 0.5306754229826773,,
576254,gpt-5,2,3,1,2,0,0,0,0,0,1,1,Testing Prompt: 0.5306754229826773,,
528543,gpt-5,3,4,2,3,0,0,0,0,0,1,1,Testing Prompt: 0.5306754229826773,,
238025,gpt-5,3,4,2,4,0,0,1,0,0,1,1,Testing Prompt: 0.5306754229826773,,
231173,gpt-5,4,3,3,3,0,1,1,0,0,1,1,Testing Prompt: 0.5306754229826773,,
551252,gpt-5,2,2,3,2,0,1,0,1,1,1,1,Testing Prompt: 0.5306754229826773,,
242166,gpt-5,2,1,3,2,0,0,0,0,1,1,1,Testing Prompt: 0.5306754229826773,,
573597,gpt-5,3,4,1,3,0,0,1,0,1,1,1,Testing Prompt: 0.5306754229826773,,
511739,gpt-5,2,1,1,1,0,0,0,0,0,1,1,Testing Prompt: 0.5306754229826773,,
217400,gpt-5,2,1,3,2,0,0,0,0,0,1,1,Testing Prompt: 0.5306754229826773,,
584423,gpt-5,2,2,3,2,0,0,0,0,0,1,1,Testing Prompt: 0.5306754229826773,,
211179,gpt-5,2,1,1,2,0,0,0,1,0,0,1,Testing Prompt: 0.5306754229826773,,
615578,gpt-5,4,3,3,4,1,0,1,1,1,1,1,Testing Prompt: 0.5306754229826773,,
644531,gpt-5,3,3,3,3,0,0,1,0,0,1,1,Testing Prompt: 0.5306754229826773,,
190056,gpt-5,2,1,3,2,1,0,0,0,0,1,1,Testing Prompt: 0.5306754229826773,,
207845,gpt-5,2,4,3,2,1,0,0,1,0,1,1,Testing Prompt: 0.5306754229826773,,
195235,gpt-5,3,3,3,2,0,0,1,0,0,1,1,Testing Prompt: 0.5306754229826773,,
524784,gpt-5,4,3,3,4,0,0,1,0,0,1,1,Testing Prompt: 0.5306754229826773,,
534553,gpt-5,3,4,1,3,0,0,1,1,0,0,1,Testing Prompt: 0.5306754229826773,,
546578,gpt-5,3,2,1,2,0,0,0,0,0,1,1,Testing Prompt: 0.5306754229826773,,
226773,gpt-5,3,3,4,4,0,0,1,0,1,1,1,Testing Prompt: 0.5306754229826773,,
219176,gpt-5,4,4,3,4,0,1,1,1,1,0,1,Testing Prompt: 0.5306754229826773,,
534868,gpt-5,2,1,3,2,0,0,0,0,0,1,1,Testing Prompt: 0.5306754229826773,,
248235,gpt-5,4,4,4,4,0,1,1,0,0,1,1,Testing Prompt: 0.5306754229826773,,
543229,gpt-5,3,3,3,3,0,0,1,0,0,1,1,Testing Prompt: 0.5306754229826773,,
506571,gpt-5,3,4,3,3,0,0,1,1,0,0,1,Testing Prompt: 0.5306754229826773,,
248896,gpt-5,2,4,3,2,0,0,0,0,0,0,1,Testing Prompt: 0.5306754229826773,,
211283,gpt-5,3,4,4,4,0,0,0,0,1,1,1,Testing Prompt: 0.5306754229826773,,
704896,gpt-5,3,1,1,2,0,0,0,1,0,0,1,Testing Prompt: 0.5306754229826773,,
564167,gpt-5,3,4,1,3,1,0,1,1,1,1,1,Testing Prompt: 0.5306754229826773,,
628747,gpt-5,2,1,3,2,0,0,0,0,0,1,1,Testing Prompt: 0.5306754229826773,,
218810,gpt-5,2,1,3,2,0,0,1,1,0,1,1,Testing Prompt: 0.5306754229826773,,
253693,gpt-5,4,2,4,3,0,0,0,0,1,1,1,Testing Prompt: 0.5306754229826773,,
215179,gpt-5,2,1,3,2,0,0,0,0,0,1,1,Testing Prompt: 0.5306754229826773,,
293411,gpt-5,2,1,3,2,1,0,0,0,0,1,1,Testing Prompt: 0.5306754229826773,,
264344,gpt-5,3,4,3,3,0,0,0,0,0,1,1,Testing Prompt: 0.5306754229826773,,
264262,gpt-5,2,1,1,2,0,0,0,0,0,0,1,Testing Prompt: 0.5306754229826773,,
735055,gpt-5,4,4,3,3,0,0,0,0,0,1,1,Testing Prompt: 0.5306754229826773,,
208682,gpt-5,2,1,3,3,0,0,1,0,1,1,1,Testing Prompt: 0.5306754229826773,,
167524,gpt-5,2,1,3,2,0,0,0,0,0,1,1,Testing Prompt: 0.5306754229826773,,
512243,gpt-5,2,2,4,2,0,0,0,0,0,1,1,Testing Prompt: 0.5306754229826773,,
555531,gpt-5,2,3,3,2,0,0,0,0,0,1,1,Testing Prompt: 0.5306754229826773,,
263413,gpt-5,4,4,3,4,0,0,1,1,1,1,1,Testing Prompt: 0.5306754229826773,,
225577,gpt-5,2,3,4,3,0,0,0,0,1,0,1,Testing Prompt: 0.5306754229826773,,
558582,gpt-5,1,1,3,2,0,0,0,0,1,0,1,Testing Prompt: 0.5306754229826773,,
550903,gpt-5,3,3,4,4,1,1,0,0,1,1,1,Testing Prompt: 0.5306754229826773,,
263864,gpt-5,3,3,1,4,0,0,0,1,0,1,1,Testing Prompt: 0.5306754229826773,,
264478,gpt-5,2,2,4,2,0,0,0,0,0,1,1,Testing Prompt: 0.5306754229826773,,
546868,gpt-5,2,3,3,2,0,0,0,0,0,1,1,Testing Prompt: 0.5306754229826773,,
706907,gpt-5,2,3,2,2,0,0,1,0,1,0,1,Testing Prompt: 0.5306754229826773,,
590085,gpt-5,3,4,1,4,0,0,1,1,1,0,1,Testing Prompt: 0.5306754229826773,,
525710,gpt-5,4,4,3,4,0,0,1,1,1,1,1,Testing Prompt: 0.5306754229826773,,
530371,gpt-5,4,4,1,4,0,0,1,1,0,0,1,Testing Prompt: 0.5306754229826773,,
529099,gpt-5,3,2,3,3,0,0,0,0,0,1,1,Testing Prompt: 0.5306754229826773,,
282284,gpt-5,2,1,3,2,0,0,0,0,0,1,1,Testing Prompt: 0.5306754229826773,,
643006,gpt-5,3,3,3,4,0,0,1,0,1,1,1,Testing Prompt: 0.5306754229826773,,
244029,gpt-5,3,4,4,3,0,0,1,1,1,0,1,Testing Prompt: 0.5306754229826773,,
503131,gpt-5,2,4,1,1,0,0,0,0,0,1,1,Testing Prompt: 0.5306754229826773,,
557524,gpt-5,2,1,2,2,0,0,0,0,0,1,1,Testing Prompt: 0.5306754229826773,,
188529,gpt-5,3,1,1,2,0,0,1,0,1,0,1,Testing Prompt: 0.5306754229826773,,
543094,gpt-5,3,4,4,2,0,0,1,0,0,1,1,Testing Prompt: 0.5306754229826773,,
561983,gpt-5,4,4,1,4,1,0,1,1,1,1,1,Testing Prompt: 0.5306754229826773,,
640700,gpt-5,3,3,1,3,0,0,1,1,0,0,1,Testing Prompt: 0.5306754229826773,,
172253,gpt-5,2,3,4,1,0,0,0,0,0,1,1,Testing Prompt: 0.5306754229826773,,
249730,gpt-5,2,1,3,1,0,0,0,0,0,0,1,Testing Prompt: 0.5306754229826773,,
216965,gpt-5,2,3,2,3,0,1,0,0,0,1,1,Testing Prompt: 0.5306754229826773,,
200051,gpt-5,4,3,1,3,0,0,1,1,0,0,1,Testing Prompt: 0.5306754229826773,,
641013,gpt-5,3,2,3,2,0,0,1,0,1,1,1,Testing Prompt: 0.5306754229826773,,
545047,gpt-5,2,3,4,2,0,0,0,1,0,1,1,Testing Prompt: 0.5306754229826773,,
232366,gpt-5,3,3,1,3,0,0,1,0,0,0,1,Testing Prompt: 0.5306754229826773,,
217052,gpt-5,2,1,3,1,0,1,0,0,0,1,1,Testing Prompt: 0.5306754229826773,,
247482,gpt-5,4,4,4,3,0,0,1,1,1,1,1,Testing Prompt: 0.5306754229826773,,
505194,gpt-5,3,2,3,3,0,0,0,0,1,1,1,Testing Prompt: 0.5306754229826773,,
266177,gpt-5,2,1,4,2,0,0,0,0,0,1,1,Testing Prompt: 0.5306754229826773,,
225646,gpt-5,3,2,3,3,0,0,0,1,0,1,1,Testing Prompt: 0.5306754229826773,,
630563,gpt-5,2,4,4,2,0,0,0,0,0,1,1,Testing Prompt: 0.5306754229826773,,
580333,gpt-5,2,1,1,2,0,0,0,0,1,1,1,Testing Prompt: 0.5306754229826773,,
613126,gpt-5,4,4,3,3,0,0,1,0,0,1,1,Testing Prompt: 0.5306754229826773,,
614816,gpt-5,2,1,4,3,0,0,0,0,1,0,1,Testing Prompt: 0.5306754229826773,,
248731,gpt-5,2,3,4,3,0,0,0,0,0,1,1,Testing Prompt: 0.5306754229826773,,
274347,gpt-5,4,4,4,4,0,0,1,0,0,1,1,Testing Prompt: 0.5306754229826773,,
291285,gpt-5,4,4,3,3,0,0,0,1,0,1,1,Testing Prompt: 0.5306754229826773,,
601747,gpt-5,1,1,1,2,0,0,0,0,1,0,1,Testing Prompt: 0.5306754229826773,,
238271,gpt-5,3,1,4,3,0,0,1,0,1,1,1,Testing Prompt: 0.5306754229826773,,
704786,gpt-5,3,4,1,3,0,0,1,1,1,0,1,Testing Prompt: 0.5306754229826773,,
581720,gpt-5,4,4,3,3,1,0,1,0,0,1,1,Testing Prompt: 0.5306754229826773,,
174997,gpt-5,2,1,3,3,0,0,0,0,0,0,1,Testing Prompt: 0.5306754229826773,,
591948,gpt-5,3,3,4,2,0,0,0,0,1,1,1,Testing Prompt: 0.5306754229826773,,
601728,gpt-5,2,4,1,3,0,0,0,0,1,0,1,Testing Prompt: 0.5306754229826773,,
240687,gpt-5,2,4,3,3,0,0,1,0,1,0,1,Testing Prompt: 0.5306754229826773,,
556668,gpt-5,3,1,4,2,0,0,1,0,1,1,1,Testing Prompt: 0.5306754229826773,,
257325,gpt-5,4,4,4,3,0,0,0,0,0,1,1,Testing Prompt: 0.5306754229826773,,
529141,gpt-5,2,1,3,2,0,0,0,0,0,0,1,Testing Prompt: 0.5306754229826773,,
613961,gpt-5,4,3,3,4,0,0,1,0,0,1,1,Testing Prompt: 0.5306754229826773,,
703584,gpt-5,3,1,1,2,0,0,1,0,0,1,1,Testing Prompt: 0.5306754229826773,,
607920,gpt-5,2,1,3,3,0,0,0,0,0,1,1,Testing Prompt: 0.5306754229826773,,
215108,gpt-5,4,3,4,4,0,0,1,0,1,1,1,Testing Prompt: 0.5306754229826773,,
207524,gpt-5,3,4,3,3,0,0,1,0,1,0,1,Testing Prompt: 0.5306754229826773,,
717614,gpt-5,2,2,3,2,0,0,0,0,0,0,1,Testing Prompt: 0.5306754229826773,,
632387,gpt-5,2,2,3,2,0,0,0,0,0,0,1,Testing Prompt: 0.5306754229826773,,
242085,gpt-5,3,2,1,3,0,0,1,1,0,0,1,Testing Prompt: 0.5306754229826773,,
700128,gpt-5,2,3,4,2,0,0,0,0,0,1,1,Testing Prompt: 0.5306754229826773,,
225581,gpt-5,4,4,3,4,1,0,1,1,1,1,1,Testing Prompt: 0.5306754229826773,,
561604,gpt-5,2,3,1,3,0,0,0,1,0,0,1,Testing Prompt: 0.5306754229826773,,
588075,gpt-5,2,2,3,2,0,0,0,0,0,0,1,Testing Prompt: 0.5306754229826773,,
600997,gpt-5,4,4,1,4,0,0,1,1,1,1,1,Testing Prompt: 0.5306754229826773,,
505173,gpt-5,3,3,4,4,0,0,0,1,1,1,1,Testing Prompt: 0.5306754229826773,,
257040,gpt-5,3,3,3,2,0,0,1,0,0,1,1,Testing Prompt: 0.5306754229826773,,
244029,gpt-5,3,4,4,4,0,0,1,1,0,0,2,Testing Prompt: 0.4443003053932798,,
240687,gpt-5,2,3,1,2,0,0,1,0,1,0,2,Testing Prompt: 0.4443003053932798,,
735055,gpt-5,3,4,3,3,0,0,0,0,0,1,2,Testing Prompt: 0.4443003053932798,,
601747,gpt-5,2,1,1,2,0,0,0,0,1,0,2,Testing Prompt: 0.4443003053932798,,
211179,gpt-5,2,1,1,3,0,0,0,1,0,0,2,Testing Prompt: 0.4443003053932798,,
512243,gpt-5,2,2,4,2,0,0,0,0,0,1,2,Testing Prompt: 0.4443003053932798,,
238025,gpt-5,3,4,1,4,0,0,1,0,0,0,2,Testing Prompt: 0.4443003053932798,,
505194,gpt-5,2,2,3,3,0,0,0,0,1,1,2,Testing Prompt: 0.4443003053932798,,
546868,gpt-5,2,4,3,3,0,0,0,0,1,1,2,Testing Prompt: 0.4443003053932798,,
257040,gpt-5,2,2,4,3,0,0,1,0,1,1,2,Testing Prompt: 0.4443003053932798,,
242085,gpt-5,3,2,1,3,0,0,1,1,0,0,2,Testing Prompt: 0.4443003053932798,,
264262,gpt-5,2,1,1,2,0,0,0,0,0,0,2,Testing Prompt: 0.4443003053932798,,
253693,gpt-5,3,2,4,3,0,0,1,0,1,1,2,Testing Prompt: 0.4443003053932798,,
217400,gpt-5,2,1,3,2,0,0,0,0,0,0,2,Testing Prompt: 0.4443003053932798,,
564167,gpt-5,3,3,1,3,1,0,1,0,1,1,2,Testing Prompt: 0.4443003053932798,,
530371,gpt-5,3,3,3,4,0,0,1,1,0,0,2,Testing Prompt: 0.4443003053932798,,
167524,gpt-5,2,1,3,2,0,0,0,0,0,1,2,Testing Prompt: 0.4443003053932798,,
556668,gpt-5,2,1,4,2,0,0,1,0,1,1,2,Testing Prompt: 0.4443003053932798,,
247482,gpt-5,2,4,4,3,0,0,1,1,1,0,2,Testing Prompt: 0.4443003053932798,,
216965,gpt-5,3,4,1,4,0,0,0,0,0,1,2,Testing Prompt: 0.4443003053932798,,
573597,gpt-5,4,4,1,4,0,0,1,0,1,1,2,Testing Prompt: 0.4443003053932798,,
643006,gpt-5,4,3,3,4,0,0,1,0,1,1,2,Testing Prompt: 0.4443003053932798,,
511739,gpt-5,2,1,1,1,0,0,0,0,0,1,2,Testing Prompt: 0.4443003053932798,,
706907,gpt-5,2,2,3,3,0,0,1,0,1,0,2,Testing Prompt: 0.4443003053932798,,
528543,gpt-5,3,3,3,3,0,0,0,0,0,1,2,Testing Prompt: 0.4443003053932798,,
529141,gpt-5,2,1,3,2,0,0,0,0,0,0,2,Testing Prompt: 0.4443003053932798,,
576254,gpt-5,2,3,1,2,0,0,0,0,0,1,2,Testing Prompt: 0.4443003053932798,,
195235,gpt-5,4,3,3,3,0,0,1,0,0,1,2,Testing Prompt: 0.4443003053932798,,
607920,gpt-5,2,1,3,3,0,0,0,0,0,1,2,Testing Prompt: 0.4443003053932798,,
581720,gpt-5,4,4,4,4,1,0,1,0,1,1,2,Testing Prompt: 0.4443003053932798,,
555531,gpt-5,3,3,4,3,0,0,0,0,1,1,2,Testing Prompt: 0.4443003053932798,,
591948,gpt-5,3,3,3,2,0,0,0,0,1,1,2,Testing Prompt: 0.4443003053932798,,
551252,gpt-5,4,4,4,4,0,0,1,1,1,1,2,Testing Prompt: 0.4443003053932798,,
282284,gpt-5,2,1,3,2,0,0,0,0,0,1,2,Testing Prompt: 0.4443003053932798,,
225646,gpt-5,3,3,3,3,0,0,0,1,0,1,2,Testing Prompt: 0.4443003053932798,,
225581,gpt-5,4,4,4,4,1,0,1,1,1,1,2,Testing Prompt: 0.4443003053932798,,
247781,gpt-5,3,4,4,4,0,0,0,0,1,1,2,Testing Prompt: 0.4443003053932798,,
231173,gpt-5,4,4,4,4,0,0,1,0,0,1,2,Testing Prompt: 0.4443003053932798,,
614816,gpt-5,2,1,4,3,0,0,0,0,1,1,2,Testing Prompt: 0.4443003053932798,,
248235,gpt-5,4,3,3,4,0,1,1,0,0,0,2,Testing Prompt: 0.4443003053932798,,
249730,gpt-5,2,1,3,2,0,0,0,0,0,0,2,Testing Prompt: 0.4443003053932798,,
600843,gpt-5,2,3,3,2,0,0,0,0,0,1,2,Testing Prompt: 0.4443003053932798,,
248896,gpt-5,3,4,3,3,0,0,1,0,0,0,2,Testing Prompt: 0.4443003053932798,,
524784,gpt-5,4,3,3,4,0,0,1,0,0,1,2,Testing Prompt: 0.4443003053932798,,
274347,gpt-5,4,4,4,4,0,0,1,0,0,1,2,Testing Prompt: 0.4443003053932798,,
190056,gpt-5,2,2,3,2,1,0,0,0,0,0,2,Testing Prompt: 0.4443003053932798,,
700128,gpt-5,1,3,4,1,0,0,0,0,0,1,2,Testing Prompt: 0.4443003053932798,,
525710,gpt-5,4,4,3,4,0,0,1,0,1,1,2,Testing Prompt: 0.4443003053932798,,
291285,gpt-5,4,4,4,4,0,0,1,1,0,1,2,Testing Prompt: 0.4443003053932798,,
600997,gpt-5,4,4,3,4,0,0,1,1,1,1,2,Testing Prompt: 0.4443003053932798,,
590085,gpt-5,3,4,1,4,0,0,1,1,1,0,2,Testing Prompt: 0.4443003053932798,,
615578,gpt-5,4,3,3,4,1,0,1,1,1,1,2,Testing Prompt: 0.4443003053932798,,
264344,gpt-5,3,4,3,3,0,0,1,0,0,0,2,Testing Prompt: 0.4443003053932798,,
506571,gpt-5,4,4,3,4,0,0,1,1,0,0,2,Testing Prompt: 0.4443003053932798,,
225577,gpt-5,2,3,4,3,0,0,0,0,1,0,2,Testing Prompt: 0.4443003053932798,,
257325,gpt-5,3,4,4,3,0,0,0,0,0,1,2,Testing Prompt: 0.4443003053932798,,
628747,gpt-5,2,1,3,2,0,0,0,0,0,1,2,Testing Prompt: 0.4443003053932798,,
264478,gpt-5,2,3,3,3,0,0,0,0,0,1,2,Testing Prompt: 0.4443003053932798,,
226773,gpt-5,2,2,3,3,0,0,0,0,1,1,2,Testing Prompt: 0.4443003053932798,,
266177,gpt-5,2,2,3,2,0,0,0,0,1,1,2,Testing Prompt: 0.4443003053932798,,
218810,gpt-5,2,1,3,2,0,0,1,1,0,1,2,Testing Prompt: 0.4443003053932798,,
263864,gpt-5,3,3,1,4,0,0,1,0,0,1,2,Testing Prompt: 0.4443003053932798,,
632387,gpt-5,2,2,3,2,0,0,0,0,0,0,2,Testing Prompt: 0.4443003053932798,,
704786,gpt-5,3,4,1,4,0,0,1,1,0,0,2,Testing Prompt: 0.4443003053932798,,
580333,gpt-5,2,1,3,2,0,0,0,0,1,1,2,Testing Prompt: 0.4443003053932798,,
207845,gpt-5,2,4,3,2,1,0,0,1,0,1,2,Testing Prompt: 0.4443003053932798,,
586617,gpt-5,4,3,4,4,0,0,1,1,1,0,2,Testing Prompt: 0.4443003053932798,,
248731,gpt-5,2,3,4,3,0,0,1,0,1,1,2,Testing Prompt: 0.4443003053932798,,
242166,gpt-5,2,1,3,2,0,0,0,0,1,1,2,Testing Prompt: 0.4443003053932798,,
172253,gpt-5,2,3,4,2,0,0,0,0,0,1,2,Testing Prompt: 0.4443003053932798,,
219176,gpt-5,3,4,3,4,0,1,1,0,0,0,2,Testing Prompt: 0.4443003053932798,,
585389,gpt-5,2,1,3,2,0,0,0,0,1,1,2,Testing Prompt: 0.4443003053932798,,
717614,gpt-5,2,2,3,2,0,0,0,0,0,0,2,Testing Prompt: 0.4443003053932798,,
561604,gpt-5,2,3,1,2,0,0,0,1,0,0,2,Testing Prompt: 0.4443003053932798,,
550903,gpt-5,3,3,4,4,0,0,1,0,1,1,2,Testing Prompt: 0.4443003053932798,,
503131,gpt-5,2,4,1,1,0,0,0,0,0,1,2,Testing Prompt: 0.4443003053932798,,
641013,gpt-5,3,2,4,3,0,0,1,0,1,1,2,Testing Prompt: 0.4443003053932798,,
200051,gpt-5,3,4,1,3,0,0,1,0,0,0,2,Testing Prompt: 0.4443003053932798,,
543094,gpt-5,3,4,4,2,0,0,1,0,0,1,2,Testing Prompt: 0.4443003053932798,,
534868,gpt-5,2,1,3,2,0,0,0,0,0,1,2,Testing Prompt: 0.4443003053932798,,
588075,gpt-5,2,2,3,2,0,0,0,0,0,0,2,Testing Prompt: 0.4443003053932798,,
704896,gpt-5,2,1,1,3,0,0,0,1,0,0,2,Testing Prompt: 0.4443003053932798,,
232366,gpt-5,2,2,1,2,0,0,1,0,0,0,2,Testing Prompt: 0.4443003053932798,,
208682,gpt-5,2,1,4,3,0,0,1,0,1,1,2,Testing Prompt: 0.4443003053932798,,
703584,gpt-5,3,2,3,2,0,0,1,0,0,1,2,Testing Prompt: 0.4443003053932798,,
534553,gpt-5,3,3,1,4,0,0,1,1,0,0,2,Testing Prompt: 0.4443003053932798,,
217052,gpt-5,2,1,3,1,0,1,0,0,0,1,2,Testing Prompt: 0.4443003053932798,,
557524,gpt-5,2,1,1,2,0,0,0,0,0,1,2,Testing Prompt: 0.4443003053932798,,
211283,gpt-5,2,4,4,3,0,0,0,0,1,1,2,Testing Prompt: 0.4443003053932798,,
640700,gpt-5,3,3,1,3,0,0,1,1,0,0,2,Testing Prompt: 0.4443003053932798,,
293411,gpt-5,2,1,3,2,1,0,0,0,0,1,2,Testing Prompt: 0.4443003053932798,,
174997,gpt-5,2,1,3,3,0,0,0,0,0,0,2,Testing Prompt: 0.4443003053932798,,
505173,gpt-5,3,1,4,3,0,0,0,1,1,1,2,Testing Prompt: 0.4443003053932798,,
561983,gpt-5,4,3,1,4,1,0,1,1,1,0,2,Testing Prompt: 0.4443003053932798,,
215179,gpt-5,2,2,3,2,0,0,0,0,0,1,2,Testing Prompt: 0.4443003053932798,,
188529,gpt-5,2,1,1,2,0,0,1,0,1,0,2,Testing Prompt: 0.4443003053932798,,
558582,gpt-5,2,1,3,2,0,0,0,0,1,1,2,Testing Prompt: 0.4443003053932798,,
263413,gpt-5,4,4,3,4,0,0,1,1,1,1,2,Testing Prompt: 0.4443003053932798,,
575601,gpt-5,3,4,3,2,0,0,1,0,0,1,2,Testing Prompt: 0.4443003053932798,,
613961,gpt-5,4,3,3,4,0,0,1,1,0,1,2,Testing Prompt: 0.4443003053932798,,
613126,gpt-5,4,4,3,2,0,0,1,0,0,1,2,Testing Prompt: 0.4443003053932798,,
644531,gpt-5,3,4,3,2,0,0,1,0,0,1,2,Testing Prompt: 0.4443003053932798,,
630563,gpt-5,2,4,3,2,0,0,0,0,0,1,2,Testing Prompt: 0.4443003053932798,,
207524,gpt-5,3,4,3,3,0,0,1,0,0,0,2,Testing Prompt: 0.4443003053932798,,
184927,gpt-5,4,4,3,4,0,0,1,1,0,1,2,Testing Prompt: 0.4443003053932798,,
584423,gpt-5,2,3,3,2,0,0,0,0,0,1,2,Testing Prompt: 0.4443003053932798,,
601728,gpt-5,2,4,1,2,0,0,0,0,1,0,2,Testing Prompt: 0.4443003053932798,,
545047,gpt-5,2,4,3,2,0,0,0,1,0,0,2,Testing Prompt: 0.4443003053932798,,
529099,gpt-5,3,2,3,3,0,0,0,0,1,1,2,Testing Prompt: 0.4443003053932798,,
543229,gpt-5,3,3,3,4,0,0,1,0,0,1,2,Testing Prompt: 0.4443003053932798,,
546578,gpt-5,3,2,1,2,0,0,1,0,0,1,2,Testing Prompt: 0.4443003053932798,,
238271,gpt-5,3,3,4,4,0,0,1,0,1,1,2,Testing Prompt: 0.4443003053932798,,
215108,gpt-5,4,4,4,4,0,0,1,0,1,1,2,Testing Prompt: 0.4443003053932798,,
188529,gpt-5,2,1,1,2,0,0,0,0,1,0,3,Testing Prompt: 0.8614528037900416,,
208682,gpt-5,3,1,4,4,0,0,1 sop,0 hvf,,1,3,Testing Prompt: 0.8614528037900416,1,1
601728,gpt-5,3,4,1,2,0,0,0,0,1,0,3,Testing Prompt: 0.8614528037900416,,
704896,gpt-5,2,1,1,3,0,0,0,1,0,0,3,Testing Prompt: 0.8614528037900416,,
576254,gpt-5,2,3,1,2,0,0,0,0,0,0,3,Testing Prompt: 0.8614528037900416,,
218810,gpt-5,2,1,1,2,0,0,1,1,0,0,3,Testing Prompt: 0.8614528037900416,,
591948,gpt-5,2,3,3,1,0,0,0,0,0,0,3,Testing Prompt: 0.8614528037900416,,
174997,gpt-5,2,1,3,2,0,0,0,1,0,0,3,Testing Prompt: 0.8614528037900416,,
266177,gpt-5,2,1,4,2,0,0,0,0,0,0,3,Testing Prompt: 0.8614528037900416,,
573597,gpt-5,3,4,1,4,0,0,1,0,1,0,3,Testing Prompt: 0.8614528037900416,,
291285,gpt-5,3,4,4,4,0,0,0,1,0,0,3,Testing Prompt: 0.8614528037900416,,
225646,gpt-5,2,1,3,3,0,0,0,1,0,1,3,Testing Prompt: 0.8614528037900416,,
172253,gpt-5,2,3,3,1,0,0,0,0,0,1,3,Testing Prompt: 0.8614528037900416,,
530371,gpt-5,3,2,1,4,0,0,1,1,0,0,3,Testing Prompt: 0.8614528037900416,,
524784,gpt-5,3,1,3,4,0,0,0,0,0,0,3,Testing Prompt: 0.8614528037900416,,
590085,gpt-5,3,4,1,4,0,0,1,1,1,0,3,Testing Prompt: 0.8614528037900416,,
600997,gpt-5,3,4,3,4,0,0,1,1,1,1,3,Testing Prompt: 0.8614528037900416,,
534868,gpt-5,2,1,3,1,0,0,0,0,0,1,3,Testing Prompt: 0.8614528037900416,,
249730,gpt-5,2,1,1,1,0,0,0,0,0,0,3,Testing Prompt: 0.8614528037900416,,
226773,gpt-5,3,3,3,3,0,0,0,0,1,0,3,Testing Prompt: 0.8614528037900416,,
216965,gpt-5,3,4,1,3,0,1,0,0,0,1,3,Testing Prompt: 0.8614528037900416,,
225577,gpt-5,2,3,4,2,0,0,0,0,1,0,3,Testing Prompt: 0.8614528037900416,,
584423,gpt-5,2,3,3,1,0,0,0,0,0,1,3,Testing Prompt: 0.8614528037900416,,
615578,gpt-5,3,3,3,4,1,0,1,1,1,1,3,Testing Prompt: 0.8614528037900416,,
253693,gpt-5,2,1,4,2,0,0,0,0,1,1,3,Testing Prompt: 0.8614528037900416,,
207845,gpt-5,2,4,3,2,1,0,0,1,0,1,3,Testing Prompt: 0.8614528037900416,,
167524,gpt-5,2,1,3,1,0,0,0,0,0,1,3,Testing Prompt: 0.8614528037900416,,
257325,gpt-5,2,4,4,2,0,0,0,0,0,1,3,Testing Prompt: 0.8614528037900416,,
238271,gpt-5,2,1,4,3,0,0,1,0,0,1,3,Testing Prompt: 0.8614528037900416,,
600843,gpt-5,2,3,3,3,0,0,0,0,0,1,3,Testing Prompt: 0.8614528037900416,,
643006,gpt-5,3,3,3,4,0,0,1,0,1,1,3,Testing Prompt: 0.8614528037900416,,
528543,gpt-5,3,4,2,3,0,0,0,0,0,1,3,Testing Prompt: 0.8614528037900416,,
529099,gpt-5,2,1,4,3,0,0,0,0,0,1,3,Testing Prompt: 0.8614528037900416,,
546578,gpt-5,2,1,1,2,0,0,0,0,0,1,3,Testing Prompt: 0.8614528037900416,,
644531,gpt-5,3,4,3,3,0,0,0,0,0,1,3,Testing Prompt: 0.8614528037900416,,
200051,gpt-5,3,4,1,3,0,0,1,0,0,0,3,Testing Prompt: 0.8614528037900416,,
215108,gpt-5,3,3,4,4,0,0,1,0,0,1,3,Testing Prompt: 0.8614528037900416,,
614816,gpt-5,2,1,4,3,0,0,0,0,1,1,3,Testing Prompt: 0.8614528037900416,,
242166,gpt-5,2,1,3,2,0,0,0,0,1,1,3,Testing Prompt: 0.8614528037900416,,
703584,gpt-5,2,1,1,1,0,0,1,0,0,1,3,Testing Prompt: 0.8614528037900416,,
264344,gpt-5,4,4,3,3,0,0,1,0,0,1,3,Testing Prompt: 0.8614528037900416,,
525710,gpt-5,4,4,3,4,0,0,1,1,1,1,3,Testing Prompt: 0.8614528037900416,,
215179,gpt-5,2,1,3,2,0,0,0,0,0,1,3,Testing Prompt: 0.8614528037900416,,
244029,gpt-5,3,4,4,4,0,0,1,1,1,1,3,Testing Prompt: 0.8614528037900416,,
706907,gpt-5,2,1,3,2,0,0,1,0,1,1,3,Testing Prompt: 0.8614528037900416,,
558582,gpt-5,2,1,3,2,0,0,0,0,1,1,3,Testing Prompt: 0.8614528037900416,,
293411,gpt-5,2,1,3,2,1,1,0,0,0,1,3,Testing Prompt: 0.8614528037900416,,
207524,gpt-5,3,4,3,3,0,0,1,0,0,0,3,Testing Prompt: 0.8614528037900416,,
506571,gpt-5,4,4,3,4,0,0,1,1,0,0,3,Testing Prompt: 0.8614528037900416,,
555531,gpt-5,2,2,2,2,0,0,0,0,1,1,3,Testing Prompt: 0.8614528037900416,,
211283,gpt-5,2,4,4,3,0,0,0,0,1,1,3,Testing Prompt: 0.8614528037900416,,
238025,gpt-5,3,4,4,4,0,0,1,0,0,1,3,Testing Prompt: 0.8614528037900416,,
511739,gpt-5,2,1,1,1,0,0,0,0,0,1,3,Testing Prompt: 0.8614528037900416,,
231173,gpt-5,4,4,4,4,0,0,1,0,0,1,3,Testing Prompt: 0.8614528037900416,,
512243,gpt-5,3,3,4,3,0,0,0,0,1,1,3,Testing Prompt: 0.8614528037900416,,
247482,gpt-5,3,3,4,3,0,0,1,1,1,1,3,Testing Prompt: 0.8614528037900416,,
561983,gpt-5,2,3,1,2,1,0,0,1,1,0,3,Testing Prompt: 0.8614528037900416,,
505194,gpt-5,2,2,3,3,0,0,0,0,1,1,3,Testing Prompt: 0.8614528037900416,,
588075,gpt-5,2,2,3,3,0,0,0,0,0,0,3,Testing Prompt: 0.8614528037900416,,
585389,gpt-5,2,1,3,2,0,0,0,0,1,1,3,Testing Prompt: 0.8614528037900416,,
505173,gpt-5,3,4,4,4,0,0,0,1,1,1,3,Testing Prompt: 0.8614528037900416,,
195235,gpt-5,3,3,4,2,0,0,1,0,0,1,3,Testing Prompt: 0.8614528037900416,,
564167,gpt-5,3,4,1,4,1,0,1,1,1,1,3,Testing Prompt: 0.8614528037900416,,
717614,gpt-5,2,1,3,2,0,0,0,0,0,0,3,Testing Prompt: 0.8614528037900416,,
641013,gpt-5,3,2,3,2,0,0,0,0,1,1,3,Testing Prompt: 0.8614528037900416,,
581720,gpt-5,4,4,3,3,1,0,1,0,0,1,3,Testing Prompt: 0.8614528037900416,,
217052,gpt-5,2,1,3,1,0,1,0,0,0,1,3,Testing Prompt: 0.8614528037900416,,
190056,gpt-5,2,1,3,2,1,0,0,0,0,0,3,Testing Prompt: 0.8614528037900416,,
613961,gpt-5,4,4,3,4,0,0,1,0,0,1,3,Testing Prompt: 0.8614528037900416,,
240687,gpt-5,3,4,3,3,0,0,0,0,1,0,3,Testing Prompt: 0.8614528037900416,,
630563,gpt-5,2,3,3,2,0,0,0,0,0,1,3,Testing Prompt: 0.8614528037900416,,
217400,gpt-5,2,1,3,2,0,0,0,0,0,0,3,Testing Prompt: 0.8614528037900416,,
529141,gpt-5,2,1,3,2,0,0,0,0,0,0,3,Testing Prompt: 0.8614528037900416,,
613126,gpt-5,4,4,3,4,0,0,1,0,1,1,3,Testing Prompt: 0.8614528037900416,,
545047,gpt-5,4,4,3,3,0,0,0,1,0,0,3,Testing Prompt: 0.8614528037900416,,
232366,gpt-5,3,4,1,3,0,0,1,0,0,0,3,Testing Prompt: 0.8614528037900416,,
247781,gpt-5,3,4,4,3,0,0,0,0,0,1,3,Testing Prompt: 0.8614528037900416,,
628747,gpt-5,2,1,3,2,0,0,0,0,0,1,3,Testing Prompt: 0.8614528037900416,,
704786,gpt-5,3,4,1,3,0,0,1,1,0,0,3,Testing Prompt: 0.8614528037900416,,
550903,gpt-5,4,3,4,4,0,1,1,0,1,1,3,Testing Prompt: 0.8614528037900416,,
248896,gpt-5,2,3,3,2,0,0,0,0,0,0,3,Testing Prompt: 0.8614528037900416,,
607920,gpt-5,2,1,3,3,0,0,0,0,0,1,3,Testing Prompt: 0.8614528037900416,,
561604,gpt-5,2,2,1,3,0,0,0,1,0,0,3,Testing Prompt: 0.8614528037900416,,
503131,gpt-5,2,4,1,1,0,0,0,0,0,1,3,Testing Prompt: 0.8614528037900416,,
282284,gpt-5,2,1,3,2,0,0,0,0,0,1,3,Testing Prompt: 0.8614528037900416,,
263864,gpt-5,4,3,1,4,0,0,1,1,0,1,3,Testing Prompt: 0.8614528037900416,,
586617,gpt-5,3,3,4,4,0,0,1,1,1,1,3,Testing Prompt: 0.8614528037900416,,
556668,gpt-5,2,1,4,2,0,0,1,0,1,1,3,Testing Prompt: 0.8614528037900416,,
580333,gpt-5,2,1,3,2,0,0,0,0,0,1,3,Testing Prompt: 0.8614528037900416,,
248235,gpt-5,4,4,3,4,0,1,1,1,1,1,3,Testing Prompt: 0.8614528037900416,,
248731,gpt-5,3,3,3,3,0,0,1,0,1,1,3,Testing Prompt: 0.8614528037900416,,
543094,gpt-5,3,4,4,2,0,0,1,0,0,1,3,Testing Prompt: 0.8614528037900416,,
543229,gpt-5,3,3,3,3,0,0,1,0,0,1,3,Testing Prompt: 0.8614528037900416,,
263413,gpt-5,3,4,2,3,0,0,1,0,1,1,3,Testing Prompt: 0.8614528037900416,,
632387,gpt-5,2,2,3,3,0,0,0,0,0,0,3,Testing Prompt: 0.8614528037900416,,
274347,gpt-5,4,4,4,4,0,0,1,0,0,1,3,Testing Prompt: 0.8614528037900416,,
546868,gpt-5,2,3,3,3,0,0,0,0,0,1,3,Testing Prompt: 0.8614528037900416,,
551252,gpt-5,2,2,4,3,0,0,1,1,1,1,3,Testing Prompt: 0.8614528037900416,,
211179,gpt-5,2,1,1,2,0,0,0,1,0,0,3,Testing Prompt: 0.8614528037900416,,
242085,gpt-5,3,2,1,3,0,0,1,1,0,0,3,Testing Prompt: 0.8614528037900416,,
534553,gpt-5,3,3,1,3,0,0,1,1,0,0,3,Testing Prompt: 0.8614528037900416,,
575601,gpt-5,3,4,3,2,0,0,1,0,0,1,3,Testing Prompt: 0.8614528037900416,,
219176,gpt-5,3,4,3,3,0,1,1,1,1,0,3,Testing Prompt: 0.8614528037900416,,
601747,gpt-5,1,1,1,2,0,0,0,0,0,0,3,Testing Prompt: 0.8614528037900416,,
640700,gpt-5,3,3,1,3,0,0,1,1,0,0,3,Testing Prompt: 0.8614528037900416,,
264262,gpt-5,2,1,1,2,0,0,0,0,0,0,3,Testing Prompt: 0.8614528037900416,,
735055,gpt-5,4,4,4,4,0,0,0,1,0,1,3,Testing Prompt: 0.8614528037900416,,
257040,gpt-5,3,2,4,3,0,0,1,0,0,1,3,Testing Prompt: 0.8614528037900416,,
225581,gpt-5,3,4,4,4,1,0,1,1,1,1,3,Testing Prompt: 0.8614528037900416,,
184927,gpt-5,4,4,4,4,0,0,1,0,0,1,3,Testing Prompt: 0.8614528037900416,,
264478,gpt-5,2,2,4,3,0,0,0,0,0,1,3,Testing Prompt: 0.8614528037900416,,
700128,gpt-5,2,2,3,1,0,0,0,0,0,1,3,Testing Prompt: 0.8614528037900416,,
557524,gpt-5,2,1,3,2,0,0,0,0,0,1,3,Testing Prompt: 0.8614528037900416,,
207524,gpt-5,3,4,3,3,0,0,1,0,1,0,4,Testing Prompt: 0.38205314249051525,,
529141,gpt-5,2,1,3,2,0,0,0,0,0,0,4,Testing Prompt: 0.38205314249051525,,
573597,gpt-5,3,4,1,4,1,0,1,0,1,1,4,Testing Prompt: 0.38205314249051525,,
551252,gpt-5,2,2,4,2,0,1,0,1,1,1,4,Testing Prompt: 0.38205314249051525,,
266177,gpt-5,2,1,4,2,0,0,0,0,0,1,4,Testing Prompt: 0.38205314249051525,,
257040,gpt-5,2,2,4,2,0,0,1,0,0,1,4,Testing Prompt: 0.38205314249051525,,
584423,gpt-5,2,3,4,2,0,0,0,0,0,1,4,Testing Prompt: 0.38205314249051525,,
561604,gpt-5,2,3,1,3,0,0,0,1,0,0,4,Testing Prompt: 0.38205314249051525,,
248731,gpt-5,3,3,4,3,0,0,1,0,1,1,4,Testing Prompt: 0.38205314249051525,,
581720,gpt-5,4,4,3,3,1,0,1,0,0,1,4,Testing Prompt: 0.38205314249051525,,
512243,gpt-5,2,1,4,2,0,0,0,0,1,1,4,Testing Prompt: 0.38205314249051525,,
630563,gpt-5,2,3,4,2,0,0,0,0,0,1,4,Testing Prompt: 0.38205314249051525,,
615578,gpt-5,4,4,3,4,1,0,1,1,1,1,4,Testing Prompt: 0.38205314249051525,,
263413,gpt-5,4,4,1,4,0,0,1,1,1,0,4,Testing Prompt: 0.38205314249051525,,
613126,gpt-5,4,4,3,4,0,0,1,0,0,1,4,Testing Prompt: 0.38205314249051525,,
735055,gpt-5,2,3,3,3,0,0,0,0,0,1,4,Testing Prompt: 0.38205314249051525,,
172253,gpt-5,2,3,4,1,0,0,0,0,0,1,4,Testing Prompt: 0.38205314249051525,,
218810,gpt-5,2,1,3,2,0,0,1,1,0,1,4,Testing Prompt: 0.38205314249051525,,
585389,gpt-5,2,1,4,2,0,0,0,1,1,1,4,Testing Prompt: 0.38205314249051525,,
248235,gpt-5,3,3,3,4,0,1,1,0,0,1,4,Testing Prompt: 0.38205314249051525,,
167524,gpt-5,2,1,3,2,0,0,0,0,0,1,4,Testing Prompt: 0.38205314249051525,,
248896,gpt-5,3,4,3,2,0,0,1,0,0,0,4,Testing Prompt: 0.38205314249051525,,
264344,gpt-5,4,4,3,4,0,0,1,0,0,0,4,Testing Prompt: 0.38205314249051525,,
238025,gpt-5,3,4,1,4,0,0,1,0,0,0,4,Testing Prompt: 0.38205314249051525,,
188529,gpt-5,3,2,1,2,0,0,1,0,0,0,4,Testing Prompt: 0.38205314249051525,,
643006,gpt-5,3,3,4,4,0,0,1,0,1,1,4,Testing Prompt: 0.38205314249051525,,
641013,gpt-5,3,2,3,2,0,0,0,0,1,1,4,Testing Prompt: 0.38205314249051525,,
590085,gpt-5,4,4,1,4,0,0,1,1,1,0,4,Testing Prompt: 0.38205314249051525,,
274347,gpt-5,4,4,4,4,0,0,1,0,0,1,4,Testing Prompt: 0.38205314249051525,,
556668,gpt-5,3,1,4,2,0,0,1,0,1,1,4,Testing Prompt: 0.38205314249051525,,
174997,gpt-5,2,1,3,3,0,0,0,0,0,0,4,Testing Prompt: 0.38205314249051525,,
640700,gpt-5,3,3,1,3,0,0,1,1,0,0,4,Testing Prompt: 0.38205314249051525,,
217400,gpt-5,3,1,3,2,0,0,1,0,0,0,4,Testing Prompt: 0.38205314249051525,,
200051,gpt-5,3,4,1,3,0,0,1,0,0,0,4,Testing Prompt: 0.38205314249051525,,
580333,gpt-5,2,1,2,2,0,0,0,0,1,1,4,Testing Prompt: 0.38205314249051525,,
704786,gpt-5,3,4,1,3,0,0,1,1,1,0,4,Testing Prompt: 0.38205314249051525,,
249730,gpt-5,2,1,3,2,0,0,0,0,0,0,4,Testing Prompt: 0.38205314249051525,,
575601,gpt-5,3,4,3,2,0,0,1,0,0,1,4,Testing Prompt: 0.38205314249051525,,
240687,gpt-5,3,4,3,4,0,0,1,0,1,0,4,Testing Prompt: 0.38205314249051525,,
225577,gpt-5,3,3,4,4,0,0,0,0,1,0,4,Testing Prompt: 0.38205314249051525,,
558582,gpt-5,2,1,3,2,0,0,0,0,0,1,4,Testing Prompt: 0.38205314249051525,,
226773,gpt-5,3,2,3,3,0,0,0,0,1,1,4,Testing Prompt: 0.38205314249051525,,
195235,gpt-5,3,2,4,2,0,0,1,0,0,0,4,Testing Prompt: 0.38205314249051525,,
184927,gpt-5,4,4,4,4,0,0,1,1,0,1,4,Testing Prompt: 0.38205314249051525,,
211179,gpt-5,2,1,1,2,0,0,0,1,0,0,4,Testing Prompt: 0.38205314249051525,,
534868,gpt-5,2,1,3,1,0,0,0,0,0,1,4,Testing Prompt: 0.38205314249051525,,
576254,gpt-5,2,3,1,2,0,0,0,0,0,0,4,Testing Prompt: 0.38205314249051525,,
263864,gpt-5,3,3,1,3,0,0,0,0,0,1,4,Testing Prompt: 0.38205314249051525,,
706907,gpt-5,2,3,3,3,0,0,1,0,1,1,4,Testing Prompt: 0.38205314249051525,,
588075,gpt-5,2,2,3,2,0,0,0,0,0,0,4,Testing Prompt: 0.38205314249051525,,
613961,gpt-5,4,4,1,4,0,0,1,0,0,1,4,Testing Prompt: 0.38205314249051525,,
586617,gpt-5,3,2,4,3,0,0,1,1,1,0,4,Testing Prompt: 0.38205314249051525,,
505173,gpt-5,3,4,4,4,0,0,0,1,1,1,4,Testing Prompt: 0.38205314249051525,,
253693,gpt-5,3,2,4,3,0,0,0,0,1,1,4,Testing Prompt: 0.38205314249051525,,
215108,gpt-5,3,3,4,4,0,0,1,0,1,1,4,Testing Prompt: 0.38205314249051525,,
244029,gpt-5,3,4,1,3,0,0,1,0,0,0,4,Testing Prompt: 0.38205314249051525,,
215179,gpt-5,2,1,3,2,0,0,0,0,0,1,4,Testing Prompt: 0.38205314249051525,,
242085,gpt-5,3,2,1,2,0,0,1,1,0,0,4,Testing Prompt: 0.38205314249051525,,
557524,gpt-5,2,1,1,2,0,0,0,0,0,1,4,Testing Prompt: 0.38205314249051525,,
219176,gpt-5,3,4,3,4,0,1,1,1,0,0,4,Testing Prompt: 0.38205314249051525,,
543229,gpt-5,2,1,3,2,0,0,1,0,0,1,4,Testing Prompt: 0.38205314249051525,,
247482,gpt-5,3,4,4,3,0,0,1,1,1,0,4,Testing Prompt: 0.38205314249051525,,
600997,gpt-5,4,4,3,4,0,0,1,1,1,1,4,Testing Prompt: 0.38205314249051525,,
506571,gpt-5,3,4,3,4,0,0,1,1,0,0,4,Testing Prompt: 0.38205314249051525,,
511739,gpt-5,2,1,1,1,0,0,0,0,0,1,4,Testing Prompt: 0.38205314249051525,,
564167,gpt-5,3,4,1,4,1,0,1,1,1,1,4,Testing Prompt: 0.38205314249051525,,
247781,gpt-5,2,4,4,2,0,0,0,0,0,1,4,Testing Prompt: 0.38205314249051525,,
231173,gpt-5,4,4,3,3,0,1,1,0,0,1,4,Testing Prompt: 0.38205314249051525,,
555531,gpt-5,2,3,1,2,0,0,0,0,0,1,4,Testing Prompt: 0.38205314249051525,,
543094,gpt-5,3,4,4,2,0,0,1,0,0,1,4,Testing Prompt: 0.38205314249051525,,
207845,gpt-5,2,4,3,2,1,0,0,1,1,1,4,Testing Prompt: 0.38205314249051525,,
225581,gpt-5,4,4,3,4,1,0,1,1,0,1,4,Testing Prompt: 0.38205314249051525,,
601728,gpt-5,3,4,3,3,0,0,0,0,1,0,4,Testing Prompt: 0.38205314249051525,,
530371,gpt-5,3,2,3,4,0,0,1,1,0,0,4,Testing Prompt: 0.38205314249051525,,
225646,gpt-5,3,3,3,4,0,0,0,1,0,1,4,Testing Prompt: 0.38205314249051525,,
282284,gpt-5,2,1,3,2,0,0,0,0,0,1,4,Testing Prompt: 0.38205314249051525,,
525710,gpt-5,4,4,3,4,0,0,1,0,1,1,4,Testing Prompt: 0.38205314249051525,,
528543,gpt-5,3,3,1,2,0,0,0,0,0,1,4,Testing Prompt: 0.38205314249051525,,
208682,gpt-5,3,1,4,4,0,0,1,0,1,1,4,Testing Prompt: 0.38205314249051525,,
700128,gpt-5,2,3,4,2,0,0,0,0,0,1,4,Testing Prompt: 0.38205314249051525,,
503131,gpt-5,2,4,1,1,0,0,0,0,0,1,4,Testing Prompt: 0.38205314249051525,,
264262,gpt-5,2,1,1,2,0,0,0,0,0,0,4,Testing Prompt: 0.38205314249051525,,
717614,gpt-5,2,2,3,2,0,0,0,0,0,0,4,Testing Prompt: 0.38205314249051525,,
607920,gpt-5,2,1,3,3,0,0,0,0,0,1,4,Testing Prompt: 0.38205314249051525,,
628747,gpt-5,2,1,3,2,0,0,0,0,0,1,4,Testing Prompt: 0.38205314249051525,,
293411,gpt-5,2,1,2,2,0,0,0,0,0,1,4,Testing Prompt: 0.38205314249051525,,
545047,gpt-5,3,4,3,2,0,0,0,1,0,1,4,Testing Prompt: 0.38205314249051525,,
190056,gpt-5,2,2,3,2,1,0,0,0,0,0,4,Testing Prompt: 0.38205314249051525,,
632387,gpt-5,2,2,3,2,0,0,0,0,0,0,4,Testing Prompt: 0.38205314249051525,,
591948,gpt-5,3,3,3,2,0,0,0,0,0,1,4,Testing Prompt: 0.38205314249051525,,
546578,gpt-5,2,1,1,2,0,0,0,0,0,1,4,Testing Prompt: 0.38205314249051525,,
534553,gpt-5,3,3,1,3,0,0,1,1,0,0,4,Testing Prompt: 0.38205314249051525,,
291285,gpt-5,4,4,4,4,0,0,1,1,1,1,4,Testing Prompt: 0.38205314249051525,,
703584,gpt-5,2,1,1,2,0,0,1,0,0,1,4,Testing Prompt: 0.38205314249051525,,
614816,gpt-5,2,1,4,3,0,0,0,0,1,1,4,Testing Prompt: 0.38205314249051525,,
550903,gpt-5,3,2,4,3,1,1,1,0,1,1,4,Testing Prompt: 0.38205314249051525,,
217052,gpt-5,2,1,3,2,0,1,0,0,0,1,4,Testing Prompt: 0.38205314249051525,,
238271,gpt-5,3,2,4,3,0,0,1,0,1,1,4,Testing Prompt: 0.38205314249051525,,
242166,gpt-5,2,1,3,3,0,0,0,0,1,1,4,Testing Prompt: 0.38205314249051525,,
644531,gpt-5,3,4,3,3,0,0,0,0,0,1,4,Testing Prompt: 0.38205314249051525,,
601747,gpt-5,2,1,1,2,0,0,0,0,1,0,4,Testing Prompt: 0.38205314249051525,,
600843,gpt-5,2,3,3,3,0,0,0,0,0,0,4,Testing Prompt: 0.38205314249051525,,
232366,gpt-5,2,3,1,3,0,0,1,0,0,0,4,Testing Prompt: 0.38205314249051525,,
216965,gpt-5,3,4,1,3,0,0,0,0,0,1,4,Testing Prompt: 0.38205314249051525,,
546868,gpt-5,2,3,3,3,0,0,0,0,0,0,4,Testing Prompt: 0.38205314249051525,,
211283,gpt-5,2,4,4,3,0,0,0,0,0,1,4,Testing Prompt: 0.38205314249051525,,
505194,gpt-5,2,2,3,3,0,0,0,0,1,0,4,Testing Prompt: 0.38205314249051525,,
264478,gpt-5,2,2,4,3,0,0,0,0,0,1,4,Testing Prompt: 0.38205314249051525,,
524784,gpt-5,4,3,3,4,0,0,1,0,0,1,4,Testing Prompt: 0.38205314249051525,,
529099,gpt-5,2,2,3,3,0,0,0,0,0,1,4,Testing Prompt: 0.38205314249051525,,
257325,gpt-5,2,4,4,2,0,0,0,0,0,1,4,Testing Prompt: 0.38205314249051525,,
704896,gpt-5,2,1,1,3,0,0,0,1,0,0,4,Testing Prompt: 0.38205314249051525,,
561983,gpt-5,4,3,1,3,1,0,0,1,1,0,4,Testing Prompt: 0.38205314249051525,,
543229,gpt-5,2,1,3,3,0,0,1,0,0,1,5,Testing Prompt: 0.06868817855864828,,
291285,gpt-5,4,4,4,4,0,0,1,1,1,1,5,Testing Prompt: 0.06868817855864828,,
640700,gpt-5,3,3,1,3,0,0,1,1,0,0,5,Testing Prompt: 0.06868817855864828,,
225577,gpt-5,2,3,4,3,0,0,0,0,1,0,5,Testing Prompt: 0.06868817855864828,,
242085,gpt-5,2,2,1,2,0,0,1,1,0,0,5,Testing Prompt: 0.06868817855864828,,
557524,gpt-5,2,1,1,2,0,0,0,0,0,1,5,Testing Prompt: 0.06868817855864828,,
240687,gpt-5,2,3,3,3,0,0,1,0,1,0,5,Testing Prompt: 0.06868817855864828,,
266177,gpt-5,2,1,4,2,0,0,0,0,1,1,5,Testing Prompt: 0.06868817855864828,,
576254,gpt-5,2,3,1,3,0,0,0,0,1,1,5,Testing Prompt: 0.06868817855864828,,
200051,gpt-5,3,3,1,3,0,0,1,0,0,0,5,Testing Prompt: 0.06868817855864828,,
628747,gpt-5,2,1,3,2,0,0,0,0,0,1,5,Testing Prompt: 0.06868817855864828,,
601728,gpt-5,2,4,1,3,0,0,0,0,1,0,5,Testing Prompt: 0.06868817855864828,,
207524,gpt-5,3,4,1,3,0,0,1,0,1,0,5,Testing Prompt: 0.06868817855864828,,
184927,gpt-5,4,4,4,4,0,0,1,1,0,1,5,Testing Prompt: 0.06868817855864828,,
573597,gpt-5,3,3,1,3,0,0,1,0,1,1,5,Testing Prompt: 0.06868817855864828,,
248896,gpt-5,3,4,3,3,0,0,1,0,0,0,5,Testing Prompt: 0.06868817855864828,,
528543,gpt-5,4,4,3,4,0,0,0,0,0,1,5,Testing Prompt: 0.06868817855864828,,
600843,gpt-5,2,3,3,3,0,1,0,0,0,1,5,Testing Prompt: 0.06868817855864828,,
249730,gpt-5,2,1,1,2,0,0,0,0,0,0,5,Testing Prompt: 0.06868817855864828,,
253693,gpt-5,2,1,4,3,0,0,0,0,1,1,5,Testing Prompt: 0.06868817855864828,,
264344,gpt-5,4,4,3,4,0,0,0,0,0,1,5,Testing Prompt: 0.06868817855864828,,
505173,gpt-5,3,3,4,4,0,0,0,1,1,1,5,Testing Prompt: 0.06868817855864828,,
217400,gpt-5,2,1,3,2,0,0,0,0,0,0,5,Testing Prompt: 0.06868817855864828,,
215179,gpt-5,2,1,3,2,0,0,0,0,0,1,5,Testing Prompt: 0.06868817855864828,,
247781,gpt-5,2,4,4,3,0,0,0,0,0,1,5,Testing Prompt: 0.06868817855864828,,
530371,gpt-5,4,4,3,4,0,0,1,1,0,0,5,Testing Prompt: 0.06868817855864828,,
534868,gpt-5,2,2,3,2,0,0,0,0,0,1,5,Testing Prompt: 0.06868817855864828,,
590085,gpt-5,3,4,1,3,0,0,1,1,1,0,5,Testing Prompt: 0.06868817855864828,,
704896,gpt-5,2,1,1,3,0,0,0,1,0,0,5,Testing Prompt: 0.06868817855864828,,
248235,gpt-5,4,4,3,4,0,1,0,0,0,1,5,Testing Prompt: 0.06868817855864828,,
543094,gpt-5,3,4,4,2,0,0,1,0,0,1,5,Testing Prompt: 0.06868817855864828,,
216965,gpt-5,3,3,2,3,0,1,1,0,0,1,5,Testing Prompt: 0.06868817855864828,,
588075,gpt-5,2,2,3,2,0,0,0,0,0,0,5,Testing Prompt: 0.06868817855864828,,
248731,gpt-5,3,3,4,3,0,0,1,0,1,1,5,Testing Prompt: 0.06868817855864828,,
225581,gpt-5,4,4,3,4,1,0,1,1,0,1,5,Testing Prompt: 0.06868817855864828,,
257325,gpt-5,2,4,4,3,0,0,0,0,0,1,5,Testing Prompt: 0.06868817855864828,,
580333,gpt-5,2,1,2,2,0,0,0,0,1,1,5,Testing Prompt: 0.06868817855864828,,
555531,gpt-5,3,3,3,2,0,0,0,0,0,1,5,Testing Prompt: 0.06868817855864828,,
585389,gpt-5,2,1,4,2,0,0,0,0,1,0,5,Testing Prompt: 0.06868817855864828,,
600997,gpt-5,4,4,1,4,0,0,1,1,1,0,5,Testing Prompt: 0.06868817855864828,,
615578,gpt-5,4,3,3,4,1,0,1,1,1,1,5,Testing Prompt: 0.06868817855864828,,
534553,gpt-5,3,2,1,4,0,0,1,1,0,0,5,Testing Prompt: 0.06868817855864828,,
586617,gpt-5,3,3,4,3,0,0,1,1,1,0,5,Testing Prompt: 0.06868817855864828,,
263413,gpt-5,4,4,2,3,0,0,1,0,1,1,5,Testing Prompt: 0.06868817855864828,,
215108,gpt-5,4,3,3,4,0,0,1,0,1,1,5,Testing Prompt: 0.06868817855864828,,
581720,gpt-5,4,4,3,4,1,0,1,0,1,1,5,Testing Prompt: 0.06868817855864828,,
247482,gpt-5,2,4,4,2,0,0,1,1,1,0,5,Testing Prompt: 0.06868817855864828,,
717614,gpt-5,2,1,3,2,0,0,0,0,0,0,5,Testing Prompt: 0.06868817855864828,,
584423,gpt-5,2,4,4,2,0,0,0,0,0,1,5,Testing Prompt: 0.06868817855864828,,
231173,gpt-5,4,4,4,4,0,0,1,0,0,1,5,Testing Prompt: 0.06868817855864828,,
575601,gpt-5,2,4,3,2,0,0,1,0,0,1,5,Testing Prompt: 0.06868817855864828,,
706907,gpt-5,2,1,3,3,0,0,1,0,1,0,5,Testing Prompt: 0.06868817855864828,,
190056,gpt-5,2,1,3,2,1,0,0,0,0,0,5,Testing Prompt: 0.06868817855864828,,
232366,gpt-5,3,2,1,2,0,0,1,0,0,0,5,Testing Prompt: 0.06868817855864828,,
172253,gpt-5,1,3,4,1,0,0,0,0,0,1,5,Testing Prompt: 0.06868817855864828,,
263864,gpt-5,3,3,1,4,0,0,1,0,0,1,5,Testing Prompt: 0.06868817855864828,,
561983,gpt-5,4,3,1,4,1,0,1,1,1,0,5,Testing Prompt: 0.06868817855864828,,
700128,gpt-5,1,3,4,1,0,0,0,0,0,1,5,Testing Prompt: 0.06868817855864828,,
264478,gpt-5,2,2,4,3,0,0,0,0,0,1,5,Testing Prompt: 0.06868817855864828,,
188529,gpt-5,3,1,1,2,0,0,1,0,1,0,5,Testing Prompt: 0.06868817855864828,,
735055,gpt-5,3,3,3,3,0,0,0,0,1,1,5,Testing Prompt: 0.06868817855864828,,
632387,gpt-5,2,1,3,2,0,0,0,0,0,1,5,Testing Prompt: 0.06868817855864828,,
529099,gpt-5,3,2,4,4,0,0,0,0,1,1,5,Testing Prompt: 0.06868817855864828,,
704786,gpt-5,3,4,1,3,0,0,1,1,0,0,5,Testing Prompt: 0.06868817855864828,,
274347,gpt-5,3,4,4,3,0,0,1,0,0,1,5,Testing Prompt: 0.06868817855864828,,
561604,gpt-5,2,3,1,3,0,0,0,1,0,0,5,Testing Prompt: 0.06868817855864828,,
644531,gpt-5,3,4,3,3,0,0,0,0,0,1,5,Testing Prompt: 0.06868817855864828,,
264262,gpt-5,2,1,1,2,0,0,0,0,0,0,5,Testing Prompt: 0.06868817855864828,,
630563,gpt-5,2,4,3,2,0,0,0,0,0,1,5,Testing Prompt: 0.06868817855864828,,
174997,gpt-5,2,1,3,3,0,0,0,1,0,0,5,Testing Prompt: 0.06868817855864828,,
208682,gpt-5,3,1,4,3,0,0,1,0,1,1,5,Testing Prompt: 0.06868817855864828,,
503131,gpt-5,2,4,1,2,0,0,0,0,0,1,5,Testing Prompt: 0.06868817855864828,,
219176,gpt-5,4,3,3,4,0,1,1,1,0,0,5,Testing Prompt: 0.06868817855864828,,
545047,gpt-5,3,4,4,3,0,0,0,1,0,1,5,Testing Prompt: 0.06868817855864828,,
238025,gpt-5,4,4,1,4,0,0,1,0,0,0,5,Testing Prompt: 0.06868817855864828,,
529141,gpt-5,2,1,3,2,0,0,0,0,0,0,5,Testing Prompt: 0.06868817855864828,,
207845,gpt-5,3,4,3,3,1,0,0,1,0,1,5,Testing Prompt: 0.06868817855864828,,
167524,gpt-5,2,1,3,2,0,0,0,0,0,1,5,Testing Prompt: 0.06868817855864828,,
211179,gpt-5,2,1,1,2,0,0,0,1,0,0,5,Testing Prompt: 0.06868817855864828,,
551252,gpt-5,2,2,4,3,0,1,0,1,1,1,5,Testing Prompt: 0.06868817855864828,,
282284,gpt-5,2,1,3,2,0,0,0,0,0,1,5,Testing Prompt: 0.06868817855864828,,
525710,gpt-5,3,4,3,4,0,0,1,1,1,1,5,Testing Prompt: 0.06868817855864828,,
195235,gpt-5,3,2,3,2,0,0,1,0,0,1,5,Testing Prompt: 0.06868817855864828,,
564167,gpt-5,3,4,1,4,1,0,1,1,1,1,5,Testing Prompt: 0.06868817855864828,,
550903,gpt-5,3,3,4,3,0,1,1,0,1,1,5,Testing Prompt: 0.06868817855864828,,
217052,gpt-5,1,1,3,1,0,1,0,0,0,1,5,Testing Prompt: 0.06868817855864828,,
225646,gpt-5,3,2,3,3,0,0,0,1,0,1,5,Testing Prompt: 0.06868817855864828,,
293411,gpt-5,2,1,3,2,1,0,0,0,0,1,5,Testing Prompt: 0.06868817855864828,,
558582,gpt-5,2,1,3,2,0,0,0,0,1,1,5,Testing Prompt: 0.06868817855864828,,
641013,gpt-5,3,2,3,3,0,0,1,0,1,1,5,Testing Prompt: 0.06868817855864828,,
546578,gpt-5,2,1,1,1,0,0,0,0,0,1,5,Testing Prompt: 0.06868817855864828,,
211283,gpt-5,2,4,4,3,0,0,0,0,1,1,5,Testing Prompt: 0.06868817855864828,,
546868,gpt-5,2,4,3,3,0,0,0,0,1,1,5,Testing Prompt: 0.06868817855864828,,
614816,gpt-5,2,2,4,3,0,0,0,0,1,1,5,Testing Prompt: 0.06868817855864828,,
607920,gpt-5,2,1,1,2,0,0,0,0,0,1,5,Testing Prompt: 0.06868817855864828,,
643006,gpt-5,4,3,4,4,0,0,1,0,1,1,5,Testing Prompt: 0.06868817855864828,,
556668,gpt-5,2,1,4,2,0,0,1,0,1,1,5,Testing Prompt: 0.06868817855864828,,
238271,gpt-5,3,3,4,4,0,0,1,0,1,1,5,Testing Prompt: 0.06868817855864828,,
591948,gpt-5,3,3,3,2,0,0,0,0,0,1,5,Testing Prompt: 0.06868817855864828,,
511739,gpt-5,1,1,1,1,0,0,0,0,0,1,5,Testing Prompt: 0.06868817855864828,,
613961,gpt-5,4,4,1,4,0,0,1,0,1,1,5,Testing Prompt: 0.06868817855864828,,
226773,gpt-5,2,2,3,3,0,0,0,0,1,1,5,Testing Prompt: 0.06868817855864828,,
257040,gpt-5,3,3,4,3,0,0,1,0,0,1,5,Testing Prompt: 0.06868817855864828,,
505194,gpt-5,2,2,3,3,0,0,0,0,1,0,5,Testing Prompt: 0.06868817855864828,,
244029,gpt-5,3,4,3,4,0,0,1,1,1,0,5,Testing Prompt: 0.06868817855864828,,
613126,gpt-5,4,4,3,4,0,0,1,0,0,1,5,Testing Prompt: 0.06868817855864828,,
242166,gpt-5,2,1,3,3,0,0,0,0,1,1,5,Testing Prompt: 0.06868817855864828,,
512243,gpt-5,2,2,3,2,0,0,0,0,0,1,5,Testing Prompt: 0.06868817855864828,,
218810,gpt-5,2,1,3,2,0,0,1,1,0,1,5,Testing Prompt: 0.06868817855864828,,
506571,gpt-5,4,4,3,4,0,0,1,1,0,0,5,Testing Prompt: 0.06868817855864828,,
703584,gpt-5,2,1,1,2,0,0,1,0,0,1,5,Testing Prompt: 0.06868817855864828,,
601747,gpt-5,1,1,1,2,0,0,0,0,1,0,5,Testing Prompt: 0.06868817855864828,,
524784,gpt-5,4,3,3,4,0,0,0,0,0,1,5,Testing Prompt: 0.06868817855864828,,
240687,gpt-5,2,3,3,2,0,0,0,0,1,0,6,Testing Prompt: 0.5533508712139789,,
248731,gpt-5,3,3,4,3,0,0,0,0,1,1,6,Testing Prompt: 0.5533508712139789,,
717614,gpt-5,2,2,3,2,0,0,0,0,0,0,6,Testing Prompt: 0.5533508712139789,,
226773,gpt-5,4,3,4,4,0,0,0,0,1,1,6,Testing Prompt: 0.5533508712139789,,
293411,gpt-5,2,1,3,2,1,0,0,0,0,1,6,Testing Prompt: 0.5533508712139789,,
512243,gpt-5,3,2,4,3,0,0,0,0,0,1,6,Testing Prompt: 0.5533508712139789,,
244029,gpt-5,3,4,4,4,0,0,1,1,1,0,6,Testing Prompt: 0.5533508712139789,,
630563,gpt-5,2,4,4,2,0,0,0,0,0,1,6,Testing Prompt: 0.5533508712139789,,
564167,gpt-5,3,4,1,4,1,0,1,1,1,1,6,Testing Prompt: 0.5533508712139789,,
600843,gpt-5,2,1,3,2,0,0,0,0,0,1,6,Testing Prompt: 0.5533508712139789,,
505194,gpt-5,2,2,3,3,0,0,0,0,0,1,6,Testing Prompt: 0.5533508712139789,,
215179,gpt-5,3,2,3,2,0,0,0,0,0,1,6,Testing Prompt: 0.5533508712139789,,
263864,gpt-5,4,3,1,4,0,0,1,1,0,1,6,Testing Prompt: 0.5533508712139789,,
628747,gpt-5,2,1,3,2,0,0,0,0,0,1,6,Testing Prompt: 0.5533508712139789,,
225577,gpt-5,4,3,4,4,0,0,0,0,1,0,6,Testing Prompt: 0.5533508712139789,,
242166,gpt-5,2,1,3,2,0,0,0,0,1,1,6,Testing Prompt: 0.5533508712139789,,
211283,gpt-5,2,4,4,3,0,0,0,0,1,1,6,Testing Prompt: 0.5533508712139789,,
231173,gpt-5,3,4,4,3,0,0,1,0,0,1,6,Testing Prompt: 0.5533508712139789,,
615578,gpt-5,3,3,3,4,1,0,1,1,1,1,6,Testing Prompt: 0.5533508712139789,,
242085,gpt-5,4,2,1,2,0,0,0,1,0,0,6,Testing Prompt: 0.5533508712139789,,
215108,gpt-5,4,3,4,4,0,0,1,0,1,1,6,Testing Prompt: 0.5533508712139789,,
530371,gpt-5,4,4,3,4,0,0,1,1,0,0,6,Testing Prompt: 0.5533508712139789,,
264344,gpt-5,3,3,3,3,0,0,1,0,0,0,6,Testing Prompt: 0.5533508712139789,,
640700,gpt-5,3,3,1,3,0,0,1,1,0,0,6,Testing Prompt: 0.5533508712139789,,
219176,gpt-5,3,4,3,4,0,1,1,0,0,0,6,Testing Prompt: 0.5533508712139789,,
263413,gpt-5,4,4,4,3,0,0,1,0,1,1,6,Testing Prompt: 0.5533508712139789,,
208682,gpt-5,2,1,3,3,0,0,1,0,1,1,6,Testing Prompt: 0.5533508712139789,,
247781,gpt-5,2,4,3,2,0,0,0,0,0,1,6,Testing Prompt: 0.5533508712139789,,
555531,gpt-5,3,3,1,2,0,0,0,0,0,1,6,Testing Prompt: 0.5533508712139789,,
188529,gpt-5,2,1,1,2,0,0,1,0,1,0,6,Testing Prompt: 0.5533508712139789,,
506571,gpt-5,3,3,3,3,0,0,1,1,0,0,6,Testing Prompt: 0.5533508712139789,,
613961,gpt-5,4,3,1,4,0,0,1,0,0,1,6,Testing Prompt: 0.5533508712139789,,
225581,gpt-5,3,4,1,3,1,0,1,1,0,1,6,Testing Prompt: 0.5533508712139789,,
505173,gpt-5,3,1,4,4,0,0,0,1,1,1,6,Testing Prompt: 0.5533508712139789,,
529141,gpt-5,2,1,3,2,0,0,0,0,0,0,6,Testing Prompt: 0.5533508712139789,,
282284,gpt-5,2,2,3,2,0,0,0,0,0,1,6,Testing Prompt: 0.5533508712139789,,
291285,gpt-5,4,4,4,4,0,0,0,1,1,1,6,Testing Prompt: 0.5533508712139789,,
232366,gpt-5,3,3,1,2,0,0,1,0,0,0,6,Testing Prompt: 0.5533508712139789,,
264478,gpt-5,2,2,3,2,0,0,0,0,0,1,6,Testing Prompt: 0.5533508712139789,,
735055,gpt-5,2,3,3,2,0,0,0,0,1,1,6,Testing Prompt: 0.5533508712139789,,
207845,gpt-5,2,4,3,2,1,0,0,1,0,1,6,Testing Prompt: 0.5533508712139789,,
274347,gpt-5,4,4,4,3,0,0,1,0,0,1,6,Testing Prompt: 0.5533508712139789,,
528543,gpt-5,4,4,1,3,0,0,0,0,0,1,6,Testing Prompt: 0.5533508712139789,,
217400,gpt-5,2,1,3,2,0,0,0,0,0,1,6,Testing Prompt: 0.5533508712139789,,
248896,gpt-5,2,4,3,2,0,0,0,0,0,0,6,Testing Prompt: 0.5533508712139789,,
601728,gpt-5,3,4,1,3,0,0,1,0,1,0,6,Testing Prompt: 0.5533508712139789,,
511739,gpt-5,2,1,1,1,0,0,0,0,0,1,6,Testing Prompt: 0.5533508712139789,,
525710,gpt-5,4,4,3,4,0,0,1,1,1,1,6,Testing Prompt: 0.5533508712139789,,
534553,gpt-5,3,4,1,3,0,0,1,1,0,0,6,Testing Prompt: 0.5533508712139789,,
172253,gpt-5,2,3,4,2,0,0,0,0,0,1,6,Testing Prompt: 0.5533508712139789,,
576254,gpt-5,2,3,1,2,0,0,0,0,0,1,6,Testing Prompt: 0.5533508712139789,,
217052,gpt-5,2,1,3,1,0,1,0,0,0,1,6,Testing Prompt: 0.5533508712139789,,
529099,gpt-5,3,2,3,3,0,0,0,0,1,1,6,Testing Prompt: 0.5533508712139789,,
588075,gpt-5,2,2,3,2,0,0,0,0,0,0,6,Testing Prompt: 0.5533508712139789,,
641013,gpt-5,3,2,3,2,0,0,1,0,1,1,6,Testing Prompt: 0.5533508712139789,,
248235,gpt-5,4,4,3,4,0,1,1,0,0,1,6,Testing Prompt: 0.5533508712139789,,
613126,gpt-5,4,4,4,4,0,0,1,0,0,1,6,Testing Prompt: 0.5533508712139789,,
558582,gpt-5,1,1,3,2,0,0,0,0,1,1,6,Testing Prompt: 0.5533508712139789,,
584423,gpt-5,2,3,4,2,0,0,0,0,0,1,6,Testing Prompt: 0.5533508712139789,,
706907,gpt-5,3,3,3,3,0,0,1,0,1,1,6,Testing Prompt: 0.5533508712139789,,
543094,gpt-5,3,4,4,2,0,0,0,0,0,1,6,Testing Prompt: 0.5533508712139789,,
257040,gpt-5,3,2,4,3,0,0,1,0,0,1,6,Testing Prompt: 0.5533508712139789,,
257325,gpt-5,2,4,4,2,0,0,0,0,0,1,6,Testing Prompt: 0.5533508712139789,,
561983,gpt-5,4,4,1,4,1,0,1,1,1,0,6,Testing Prompt: 0.5533508712139789,,
556668,gpt-5,2,1,4,2,0,0,1,0,1,1,6,Testing Prompt: 0.5533508712139789,,
195235,gpt-5,3,4,4,2,0,0,1,0,0,1,6,Testing Prompt: 0.5533508712139789,,
247482,gpt-5,3,3,3,3,0,0,1,0,1,0,6,Testing Prompt: 0.5533508712139789,,
503131,gpt-5,2,4,1,2,0,0,0,0,0,1,6,Testing Prompt: 0.5533508712139789,,
546868,gpt-5,2,3,3,3,0,0,0,0,0,1,6,Testing Prompt: 0.5533508712139789,,
704786,gpt-5,3,4,1,3,0,0,1,1,0,0,6,Testing Prompt: 0.5533508712139789,,
190056,gpt-5,2,1,3,2,1,0,0,0,0,0,6,Testing Prompt: 0.5533508712139789,,
184927,gpt-5,4,4,4,4,0,0,1,1,0,1,6,Testing Prompt: 0.5533508712139789,,
211179,gpt-5,2,1,1,3,0,0,0,1,0,0,6,Testing Prompt: 0.5533508712139789,,
575601,gpt-5,3,4,3,2,0,0,1,0,0,1,6,Testing Prompt: 0.5533508712139789,,
580333,gpt-5,2,1,3,2,0,0,0,0,1,1,6,Testing Prompt: 0.5533508712139789,,
174997,gpt-5,2,1,3,3,0,0,0,1,0,0,6,Testing Prompt: 0.5533508712139789,,
551252,gpt-5,3,2,4,3,0,0,1,1,1,1,6,Testing Prompt: 0.5533508712139789,,
581720,gpt-5,4,4,3,4,1,0,1,0,1,1,6,Testing Prompt: 0.5533508712139789,,
216965,gpt-5,3,4,3,3,0,0,0,0,0,1,6,Testing Prompt: 0.5533508712139789,,
590085,gpt-5,3,4,1,4,0,0,1,1,1,0,6,Testing Prompt: 0.5533508712139789,,
561604,gpt-5,2,3,1,3,0,0,0,1,0,0,6,Testing Prompt: 0.5533508712139789,,
550903,gpt-5,3,3,4,4,1,0,1,0,1,1,6,Testing Prompt: 0.5533508712139789,,
207524,gpt-5,3,4,3,3,0,0,1,0,0,0,6,Testing Prompt: 0.5533508712139789,,
607920,gpt-5,2,1,3,3,0,0,0,0,0,1,6,Testing Prompt: 0.5533508712139789,,
249730,gpt-5,2,1,3,2,0,0,0,0,0,0,6,Testing Prompt: 0.5533508712139789,,
643006,gpt-5,4,3,3,4,0,0,1,0,1,1,6,Testing Prompt: 0.5533508712139789,,
167524,gpt-5,2,1,3,2,0,0,0,0,0,1,6,Testing Prompt: 0.5533508712139789,,
585389,gpt-5,2,1,3,2,0,0,0,0,1,1,6,Testing Prompt: 0.5533508712139789,,
591948,gpt-5,3,4,3,2,0,0,0,0,0,1,6,Testing Prompt: 0.5533508712139789,,
218810,gpt-5,2,1,4,2,0,0,1,1,0,1,6,Testing Prompt: 0.5533508712139789,,
524784,gpt-5,3,3,3,4,0,0,1,0,0,1,6,Testing Prompt: 0.5533508712139789,,
238271,gpt-5,3,1,4,4,0,0,1,0,1,1,6,Testing Prompt: 0.5533508712139789,,
200051,gpt-5,3,4,1,3,0,0,1,1,0,0,6,Testing Prompt: 0.5533508712139789,,
557524,gpt-5,2,1,3,2,0,0,0,0,0,1,6,Testing Prompt: 0.5533508712139789,,
600997,gpt-5,4,4,3,4,0,0,1,1,1,1,6,Testing Prompt: 0.5533508712139789,,
601747,gpt-5,2,1,1,2,0,0,0,0,1,0,6,Testing Prompt: 0.5533508712139789,,
264262,gpt-5,2,1,1,2,0,0,0,0,0,0,6,Testing Prompt: 0.5533508712139789,,
644531,gpt-5,3,3,3,3,0,0,1,0,0,1,6,Testing Prompt: 0.5533508712139789,,
586617,gpt-5,4,3,4,4,0,0,1,1,0,1,6,Testing Prompt: 0.5533508712139789,,
253693,gpt-5,3,1,4,3,0,0,0,0,1,1,6,Testing Prompt: 0.5533508712139789,,
545047,gpt-5,3,4,4,2,0,0,0,1,1,0,6,Testing Prompt: 0.5533508712139789,,
266177,gpt-5,2,1,4,2,0,0,0,0,1,1,6,Testing Prompt: 0.5533508712139789,,
704896,gpt-5,3,1,1,3,0,0,0,1,0,0,6,Testing Prompt: 0.5533508712139789,,
700128,gpt-5,2,3,4,1,0,0,0,0,0,1,6,Testing Prompt: 0.5533508712139789,,
632387,gpt-5,2,2,3,2,0,0,0,0,0,0,6,Testing Prompt: 0.5533508712139789,,
614816,gpt-5,2,2,4,3,0,0,0,0,1,0,6,Testing Prompt: 0.5533508712139789,,
534868,gpt-5,2,1,3,1,0,0,0,0,1,1,6,Testing Prompt: 0.5533508712139789,,
703584,gpt-5,3,1,1,1,0,0,1,0,0,1,6,Testing Prompt: 0.5533508712139789,,
546578,gpt-5,3,2,1,2,0,0,1,0,0,1,6,Testing Prompt: 0.5533508712139789,,
573597,gpt-5,3,4,1,4,0,0,1,0,1,1,6,Testing Prompt: 0.5533508712139789,,
225646,gpt-5,3,3,3,2,0,0,0,1,0,0,6,Testing Prompt: 0.5533508712139789,,
543229,gpt-5,3,3,3,3,0,0,1,0,0,1,6,Testing Prompt: 0.5533508712139789,,
238025,gpt-5,3,4,1,4,0,0,1,0,0,0,6,Testing Prompt: 0.5533508712139789,,
703584,gpt-5,3,2,1,2,0,0,1,0,0,1,7,Testing Prompt: 0.5725551048400536,,
215179,gpt-5,2,2,3,2,0,0,0,0,0,1,7,Testing Prompt: 0.5725551048400536,,
512243,gpt-5,2,2,4,3,0,0,0,0,0,1,7,Testing Prompt: 0.5725551048400536,,
248731,gpt-5,3,3,4,3,0,0,1,0,1,1,7,Testing Prompt: 0.5725551048400536,,
264344,gpt-5,4,4,3,4,0,0,1,0,0,1,7,Testing Prompt: 0.5725551048400536,,
630563,gpt-5,2,4,4,2,0,0,0,0,0,1,7,Testing Prompt: 0.5725551048400536,,
550903,gpt-5,4,3,4,4,1,1,1,0,1,1,7,Testing Prompt: 0.5725551048400536,,
600997,gpt-5,4,4,3,4,0,0,1,1,1,1,7,Testing Prompt: 0.5725551048400536,,
632387,gpt-5,2,2,3,2,0,0,0,0,0,0,7,Testing Prompt: 0.5725551048400536,,
231173,gpt-5,3,4,3,4,0,0,1,0,1,1,7,Testing Prompt: 0.5725551048400536,,
581720,gpt-5,4,4,3,4,1,0,1,0,1,1,7,Testing Prompt: 0.5725551048400536,,
600843,gpt-5,2,3,3,2,0,1,0,0,0,1,7,Testing Prompt: 0.5725551048400536,,
706907,gpt-5,2,3,3,3,0,0,1,0,1,1,7,Testing Prompt: 0.5725551048400536,,
704896,gpt-5,2,1,1,3,0,0,0,1,0,0,7,Testing Prompt: 0.5725551048400536,,
257325,gpt-5,2,4,4,2,0,0,0,0,0,1,7,Testing Prompt: 0.5725551048400536,,
216965,gpt-5,3,4,1,3,0,0,0,0,0,1,7,Testing Prompt: 0.5725551048400536,,
580333,gpt-5,2,2,3,2,0,0,0,0,1,1,7,Testing Prompt: 0.5725551048400536,,
545047,gpt-5,3,4,3,3,0,0,1,1,1,0,7,Testing Prompt: 0.5725551048400536,,
546868,gpt-5,2,3,3,2,0,0,0,0,0,1,7,Testing Prompt: 0.5725551048400536,,
700128,gpt-5,2,3,4,2,0,0,0,0,0,1,7,Testing Prompt: 0.5725551048400536,,
576254,gpt-5,2,3,1,2,0,0,0,0,0,1,7,Testing Prompt: 0.5725551048400536,,
558582,gpt-5,2,1,3,2,0,0,0,0,0,1,7,Testing Prompt: 0.5725551048400536,,
525710,gpt-5,4,4,3,4,0,0,1,0,1,1,7,Testing Prompt: 0.5725551048400536,,
561983,gpt-5,3,3,1,3,1,0,1,1,1,0,7,Testing Prompt: 0.5725551048400536,,
247781,gpt-5,2,4,4,3,0,0,0,0,0,1,7,Testing Prompt: 0.5725551048400536,,
534553,gpt-5,3,3,1,3,0,0,1,1,0,0,7,Testing Prompt: 0.5725551048400536,,
529099,gpt-5,2,1,3,3,0,0,0,0,0,1,7,Testing Prompt: 0.5725551048400536,,
244029,gpt-5,4,4,4,4,0,0,1,0,0,1,7,Testing Prompt: 0.5725551048400536,,
575601,gpt-5,3,3,3,2,0,0,1,0,0,1,7,Testing Prompt: 0.5725551048400536,,
601747,gpt-5,1,1,1,2,0,0,0,0,0,0,7,Testing Prompt: 0.5725551048400536,,
613126,gpt-5,4,4,4,4,0,0,1,0,0,1,7,Testing Prompt: 0.5725551048400536,,
601728,gpt-5,3,3,3,2,0,0,0,0,1,0,7,Testing Prompt: 0.5725551048400536,,
167524,gpt-5,2,1,3,2,0,0,0,0,0,1,7,Testing Prompt: 0.5725551048400536,,
247482,gpt-5,3,4,4,3,0,0,1,1,1,1,7,Testing Prompt: 0.5725551048400536,,
195235,gpt-5,3,3,3,2,0,0,1,0,0,1,7,Testing Prompt: 0.5725551048400536,,
543229,gpt-5,3,3,3,4,0,0,1,0,0,1,7,Testing Prompt: 0.5725551048400536,,
613961,gpt-5,3,3,3,3,0,0,1,1,0,1,7,Testing Prompt: 0.5725551048400536,,
717614,gpt-5,2,1,3,2,0,0,0,0,0,0,7,Testing Prompt: 0.5725551048400536,,
238271,gpt-5,3,2,4,3,0,0,1,0,1,1,7,Testing Prompt: 0.5725551048400536,,
219176,gpt-5,4,4,3,4,0,1,1,1,1,0,7,Testing Prompt: 0.5725551048400536,,
640700,gpt-5,3,3,1,3,0,0,1,1,0,0,7,Testing Prompt: 0.5725551048400536,,
207845,gpt-5,2,4,3,2,1,0,0,1,1,1,7,Testing Prompt: 0.5725551048400536,,
226773,gpt-5,2,2,3,3,0,0,1,0,1,1,7,Testing Prompt: 0.5725551048400536,,
282284,gpt-5,2,2,3,2,0,0,0,0,0,1,7,Testing Prompt: 0.5725551048400536,,
704786,gpt-5,3,4,1,3,0,0,1,1,1,0,7,Testing Prompt: 0.5725551048400536,,
735055,gpt-5,4,4,3,4,0,0,0,0,0,1,7,Testing Prompt: 0.5725551048400536,,
588075,gpt-5,2,2,3,2,0,0,0,0,0,0,7,Testing Prompt: 0.5725551048400536,,
614816,gpt-5,2,1,4,3,0,0,0,0,1,1,7,Testing Prompt: 0.5725551048400536,,
211179,gpt-5,2,1,1,3,0,0,0,1,0,0,7,Testing Prompt: 0.5725551048400536,,
264478,gpt-5,2,2,4,3,0,0,0,0,0,1,7,Testing Prompt: 0.5725551048400536,,
644531,gpt-5,2,4,3,3,0,0,1,1,0,1,7,Testing Prompt: 0.5725551048400536,,
524784,gpt-5,4,4,4,4,0,0,1,0,0,1,7,Testing Prompt: 0.5725551048400536,,
585389,gpt-5,2,1,3,3,0,0,0,0,1,1,7,Testing Prompt: 0.5725551048400536,,
215108,gpt-5,4,3,3,4,0,0,1,0,1,1,7,Testing Prompt: 0.5725551048400536,,
557524,gpt-5,2,1,1,2,0,0,0,0,0,1,7,Testing Prompt: 0.5725551048400536,,
248896,gpt-5,3,4,3,3,0,0,1,0,0,0,7,Testing Prompt: 0.5725551048400536,,
217052,gpt-5,2,1,2,1,0,1,0,0,0,1,7,Testing Prompt: 0.5725551048400536,,
188529,gpt-5,2,1,1,2,0,0,1,0,1,0,7,Testing Prompt: 0.5725551048400536,,
615578,gpt-5,4,4,3,4,1,0,1,1,1,1,7,Testing Prompt: 0.5725551048400536,,
240687,gpt-5,3,4,3,3,0,0,1,0,1,0,7,Testing Prompt: 0.5725551048400536,,
242085,gpt-5,3,2,1,3,0,0,1,1,0,0,7,Testing Prompt: 0.5725551048400536,,
505194,gpt-5,2,2,3,3,0,0,0,0,1,0,7,Testing Prompt: 0.5725551048400536,,
590085,gpt-5,3,4,1,3,0,0,1,1,1,0,7,Testing Prompt: 0.5725551048400536,,
503131,gpt-5,2,4,1,2,0,0,0,0,0,1,7,Testing Prompt: 0.5725551048400536,,
174997,gpt-5,2,1,3,2,0,0,0,0,0,0,7,Testing Prompt: 0.5725551048400536,,
505173,gpt-5,3,2,4,4,0,0,0,1,1,1,7,Testing Prompt: 0.5725551048400536,,
225577,gpt-5,2,3,4,3,0,0,0,0,1,0,7,Testing Prompt: 0.5725551048400536,,
607920,gpt-5,2,1,3,3,0,0,0,0,0,1,7,Testing Prompt: 0.5725551048400536,,
184927,gpt-5,4,4,3,4,0,0,1,1,0,1,7,Testing Prompt: 0.5725551048400536,,
249730,gpt-5,1,1,1,1,0,0,0,0,0,0,7,Testing Prompt: 0.5725551048400536,,
628747,gpt-5,2,2,3,2,0,0,0,0,0,1,7,Testing Prompt: 0.5725551048400536,,
274347,gpt-5,4,4,4,4,0,0,1,0,0,1,7,Testing Prompt: 0.5725551048400536,,
263413,gpt-5,4,4,2,4,0,0,1,1,1,1,7,Testing Prompt: 0.5725551048400536,,
217400,gpt-5,2,1,3,2,0,0,0,0,0,0,7,Testing Prompt: 0.5725551048400536,,
555531,gpt-5,2,2,1,2,0,0,0,0,1,1,7,Testing Prompt: 0.5725551048400536,,
257040,gpt-5,3,2,4,3,0,0,1,0,0,1,7,Testing Prompt: 0.5725551048400536,,
584423,gpt-5,2,3,3,2,0,0,0,0,0,1,7,Testing Prompt: 0.5725551048400536,,
211283,gpt-5,2,4,4,3,0,0,0,0,1,1,7,Testing Prompt: 0.5725551048400536,,
266177,gpt-5,2,1,4,2,0,0,0,0,0,1,7,Testing Prompt: 0.5725551048400536,,
573597,gpt-5,4,4,1,4,1,0,1,0,1,1,7,Testing Prompt: 0.5725551048400536,,
242166,gpt-5,2,1,3,2,0,0,0,0,1,1,7,Testing Prompt: 0.5725551048400536,,
248235,gpt-5,4,3,3,4,0,1,1,1,1,1,7,Testing Prompt: 0.5725551048400536,,
263864,gpt-5,3,3,1,4,0,0,0,0,0,1,7,Testing Prompt: 0.5725551048400536,,
528543,gpt-5,4,3,1,3,0,0,0,0,0,1,7,Testing Prompt: 0.5725551048400536,,
641013,gpt-5,3,2,3,3,0,0,0,0,1,1,7,Testing Prompt: 0.5725551048400536,,
218810,gpt-5,3,1,1,2,0,0,1,1,0,1,7,Testing Prompt: 0.5725551048400536,,
208682,gpt-5,3,1,4,4,0,0,1,0,1,1,7,Testing Prompt: 0.5725551048400536,,
530371,gpt-5,4,3,3,4,0,0,1,1,0,0,7,Testing Prompt: 0.5725551048400536,,
207524,gpt-5,3,4,3,3,0,0,1,0,0,0,7,Testing Prompt: 0.5725551048400536,,
190056,gpt-5,2,1,3,2,1,0,0,0,0,0,7,Testing Prompt: 0.5725551048400536,,
264262,gpt-5,1,1,1,2,0,0,0,0,0,0,7,Testing Prompt: 0.5725551048400536,,
253693,gpt-5,3,2,4,3,0,0,1,0,1,1,7,Testing Prompt: 0.5725551048400536,,
225581,gpt-5,4,4,2,3,1,0,1,1,0,1,7,Testing Prompt: 0.5725551048400536,,
511739,gpt-5,2,1,1,1,0,0,0,0,0,1,7,Testing Prompt: 0.5725551048400536,,
591948,gpt-5,3,3,3,2,0,0,0,0,0,1,7,Testing Prompt: 0.5725551048400536,,
534868,gpt-5,2,1,3,2,0,0,0,0,0,1,7,Testing Prompt: 0.5725551048400536,,
556668,gpt-5,3,1,4,3,0,0,1,0,1,1,7,Testing Prompt: 0.5725551048400536,,
238025,gpt-5,3,4,3,4,0,0,1,1,0,0,7,Testing Prompt: 0.5725551048400536,,
546578,gpt-5,3,1,1,2,0,0,1,0,0,1,7,Testing Prompt: 0.5725551048400536,,
529141,gpt-5,2,1,3,2,0,0,0,0,0,0,7,Testing Prompt: 0.5725551048400536,,
643006,gpt-5,3,3,3,4,0,0,1,0,1,1,7,Testing Prompt: 0.5725551048400536,,
225646,gpt-5,3,3,3,3,0,0,0,1,0,1,7,Testing Prompt: 0.5725551048400536,,
586617,gpt-5,4,4,4,3,0,0,1,1,1,1,7,Testing Prompt: 0.5725551048400536,,
551252,gpt-5,2,2,4,2,0,1,0,1,1,1,7,Testing Prompt: 0.5725551048400536,,
506571,gpt-5,3,4,3,4,0,0,1,1,0,0,7,Testing Prompt: 0.5725551048400536,,
543094,gpt-5,3,4,4,2,0,0,1,0,0,1,7,Testing Prompt: 0.5725551048400536,,
564167,gpt-5,3,4,1,4,1,0,1,1,1,1,7,Testing Prompt: 0.5725551048400536,,
200051,gpt-5,3,3,1,3,0,0,1,0,0,0,7,Testing Prompt: 0.5725551048400536,,
291285,gpt-5,4,4,4,4,0,0,0,1,1,1,7,Testing Prompt: 0.5725551048400536,,
172253,gpt-5,2,3,4,2,0,0,0,0,0,1,7,Testing Prompt: 0.5725551048400536,,
293411,gpt-5,2,1,3,2,1,0,0,0,0,1,7,Testing Prompt: 0.5725551048400536,,
561604,gpt-5,2,3,1,3,0,0,0,1,0,0,7,Testing Prompt: 0.5725551048400536,,
232366,gpt-5,3,3,1,2,0,0,1,0,0,0,7,Testing Prompt: 0.5725551048400536,,
703584,gpt-5,3,1,1,2,0,0,1,0,0,1,8,Testing Prompt: 0.28519025542839904,,
550903,gpt-5,3,3,3,3,1,1,1,0,1,1,8,Testing Prompt: 0.28519025542839904,,
561604,gpt-5,2,3,1,3,0,0,0,1,0,0,8,Testing Prompt: 0.28519025542839904,,
511739,gpt-5,2,1,1,1,0,0,0,0,0,1,8,Testing Prompt: 0.28519025542839904,,
586617,gpt-5,3,3,4,4,0,0,1,1,1,1,8,Testing Prompt: 0.28519025542839904,,
211179,gpt-5,2,1,1,2,0,0,0,1,0,0,8,Testing Prompt: 0.28519025542839904,,
238271,gpt-5,3,3,4,4,0,0,1,0,1,1,8,Testing Prompt: 0.28519025542839904,,
704786,gpt-5,3,4,1,3,0,0,1,1,1,0,8,Testing Prompt: 0.28519025542839904,,
208682,gpt-5,3,1,4,3,0,0,1,0,1,1,8,Testing Prompt: 0.28519025542839904,,
207524,gpt-5,3,4,3,3,0,0,1,0,1,0,8,Testing Prompt: 0.28519025542839904,,
248235,gpt-5,4,4,3,4,0,1,1,0,1,1,8,Testing Prompt: 0.28519025542839904,,
529141,gpt-5,2,1,3,2,0,0,0,0,0,0,8,Testing Prompt: 0.28519025542839904,,
217400,gpt-5,2,1,3,3,0,0,0,0,0,0,8,Testing Prompt: 0.28519025542839904,,
207845,gpt-5,3,4,3,2,1,0,0,1,0,1,8,Testing Prompt: 0.28519025542839904,,
613961,gpt-5,4,4,3,3,0,0,1,0,0,1,8,Testing Prompt: 0.28519025542839904,,
266177,gpt-5,2,1,4,2,0,0,0,0,1,1,8,Testing Prompt: 0.28519025542839904,,
601747,gpt-5,2,1,1,2,0,0,0,0,1,0,8,Testing Prompt: 0.28519025542839904,,
590085,gpt-5,3,4,1,4,0,0,1,1,1,0,8,Testing Prompt: 0.28519025542839904,,
628747,gpt-5,2,1,3,2,0,0,0,0,0,1,8,Testing Prompt: 0.28519025542839904,,
231173,gpt-5,4,4,3,4,0,0,1,0,1,1,8,Testing Prompt: 0.28519025542839904,,
543094,gpt-5,3,4,4,2,0,0,1,0,0,1,8,Testing Prompt: 0.28519025542839904,,
591948,gpt-5,3,3,3,2,0,0,0,0,1,1,8,Testing Prompt: 0.28519025542839904,,
581720,gpt-5,4,4,3,4,1,0,1,0,1,1,8,Testing Prompt: 0.28519025542839904,,
717614,gpt-5,2,2,3,2,0,0,0,0,0,0,8,Testing Prompt: 0.28519025542839904,,
505173,gpt-5,2,2,4,3,0,0,0,1,1,1,8,Testing Prompt: 0.28519025542839904,,
505194,gpt-5,2,2,3,3,0,0,0,0,0,1,8,Testing Prompt: 0.28519025542839904,,
546868,gpt-5,2,3,3,2,0,0,0,0,0,1,8,Testing Prompt: 0.28519025542839904,,
264262,gpt-5,2,1,2,2,0,0,0,0,0,0,8,Testing Prompt: 0.28519025542839904,,
188529,gpt-5,3,2,1,2,0,0,1,0,1,0,8,Testing Prompt: 0.28519025542839904,,
584423,gpt-5,2,3,4,2,0,0,0,0,0,1,8,Testing Prompt: 0.28519025542839904,,
293411,gpt-5,2,1,3,2,1,0,0,0,0,1,8,Testing Prompt: 0.28519025542839904,,
240687,gpt-5,2,4,3,2,0,0,1,0,1,1,8,Testing Prompt: 0.28519025542839904,,
247781,gpt-5,2,4,3,3,0,0,0,0,0,1,8,Testing Prompt: 0.28519025542839904,,
249730,gpt-5,2,1,3,2,0,0,0,0,0,0,8,Testing Prompt: 0.28519025542839904,,
556668,gpt-5,3,1,4,2,0,0,1,0,1,1,8,Testing Prompt: 0.28519025542839904,,
200051,gpt-5,3,3,1,3,0,0,1,0,0,0,8,Testing Prompt: 0.28519025542839904,,
172253,gpt-5,2,3,4,2,0,0,0,0,0,1,8,Testing Prompt: 0.28519025542839904,,
506571,gpt-5,3,4,3,4,0,0,1,1,0,0,8,Testing Prompt: 0.28519025542839904,,
225646,gpt-5,3,3,3,3,0,0,0,1,0,0,8,Testing Prompt: 0.28519025542839904,,
600997,gpt-5,4,4,3,4,0,0,1,1,1,1,8,Testing Prompt: 0.28519025542839904,,
263864,gpt-5,4,3,3,4,0,0,1,1,0,1,8,Testing Prompt: 0.28519025542839904,,
600843,gpt-5,2,3,3,2,0,0,0,0,0,0,8,Testing Prompt: 0.28519025542839904,,
585389,gpt-5,2,2,3,2,0,0,0,0,1,1,8,Testing Prompt: 0.28519025542839904,,
247482,gpt-5,4,4,4,3,0,0,1,1,1,0,8,Testing Prompt: 0.28519025542839904,,
195235,gpt-5,3,3,4,2,0,0,1,0,0,0,8,Testing Prompt: 0.28519025542839904,,
706907,gpt-5,2,4,3,3,0,0,1,0,1,1,8,Testing Prompt: 0.28519025542839904,,
575601,gpt-5,3,4,3,2,0,0,1,0,0,1,8,Testing Prompt: 0.28519025542839904,,
264344,gpt-5,4,4,3,3,0,0,1,0,0,1,8,Testing Prompt: 0.28519025542839904,,
564167,gpt-5,3,4,1,3,1,0,1,1,1,1,8,Testing Prompt: 0.28519025542839904,,
218810,gpt-5,2,1,4,2,0,0,1,1,0,1,8,Testing Prompt: 0.28519025542839904,,
641013,gpt-5,4,3,3,3,0,0,1,0,1,1,8,Testing Prompt: 0.28519025542839904,,
219176,gpt-5,4,4,3,4,0,1,1,1,1,1,8,Testing Prompt: 0.28519025542839904,,
546578,gpt-5,3,2,1,2,0,0,1,0,0,1,8,Testing Prompt: 0.28519025542839904,,
555531,gpt-5,3,3,2,2,0,0,0,0,1,1,8,Testing Prompt: 0.28519025542839904,,
253693,gpt-5,4,1,4,3,0,0,0,0,1,1,8,Testing Prompt: 0.28519025542839904,,
580333,gpt-5,3,2,3,3,0,0,0,0,0,1,8,Testing Prompt: 0.28519025542839904,,
735055,gpt-5,3,4,3,3,0,0,0,0,0,1,8,Testing Prompt: 0.28519025542839904,,
248896,gpt-5,3,4,3,3,0,0,1,0,0,0,8,Testing Prompt: 0.28519025542839904,,
534868,gpt-5,2,1,1,1,0,0,0,0,0,1,8,Testing Prompt: 0.28519025542839904,,
190056,gpt-5,2,1,3,2,1,0,0,0,0,1,8,Testing Prompt: 0.28519025542839904,,
225577,gpt-5,3,3,3,3,0,0,0,0,1,0,8,Testing Prompt: 0.28519025542839904,,
576254,gpt-5,2,3,1,2,0,0,0,0,0,1,8,Testing Prompt: 0.28519025542839904,,
643006,gpt-5,3,3,3,4,0,0,1,0,1,1,8,Testing Prompt: 0.28519025542839904,,
700128,gpt-5,2,3,4,2,0,0,0,0,0,1,8,Testing Prompt: 0.28519025542839904,,
282284,gpt-5,2,2,3,2,0,0,0,0,0,1,8,Testing Prompt: 0.28519025542839904,,
558582,gpt-5,1,1,3,2,0,0,0,0,1,1,8,Testing Prompt: 0.28519025542839904,,
263413,gpt-5,4,4,3,4,0,0,1,1,1,1,8,Testing Prompt: 0.28519025542839904,,
561983,gpt-5,3,3,1,3,1,0,0,1,1,1,8,Testing Prompt: 0.28519025542839904,,
557524,gpt-5,2,1,1,2,0,0,0,0,0,1,8,Testing Prompt: 0.28519025542839904,,
534553,gpt-5,3,3,1,3,0,0,1,1,0,0,8,Testing Prompt: 0.28519025542839904,,
530371,gpt-5,4,4,3,4,0,0,1,1,0,0,8,Testing Prompt: 0.28519025542839904,,
257325,gpt-5,2,4,4,2,0,0,0,0,0,1,8,Testing Prompt: 0.28519025542839904,,
640700,gpt-5,3,3,1,3,0,0,1,1,0,0,8,Testing Prompt: 0.28519025542839904,,
614816,gpt-5,3,1,4,3,0,0,0,0,1,1,8,Testing Prompt: 0.28519025542839904,,
704896,gpt-5,2,1,1,3,0,0,0,1,0,0,8,Testing Prompt: 0.28519025542839904,,
257040,gpt-5,3,3,4,3,0,0,1,0,0,1,8,Testing Prompt: 0.28519025542839904,,
545047,gpt-5,3,4,3,3,0,0,1,1,1,0,8,Testing Prompt: 0.28519025542839904,,
226773,gpt-5,2,1,4,3,0,0,0,0,0,1,8,Testing Prompt: 0.28519025542839904,,
264478,gpt-5,2,2,4,3,0,0,0,0,0,1,8,Testing Prompt: 0.28519025542839904,,
242085,gpt-5,4,2,1,3,0,0,1,1,1,0,8,Testing Prompt: 0.28519025542839904,,
211283,gpt-5,2,3,4,3,0,0,0,0,1,1,8,Testing Prompt: 0.28519025542839904,,
242166,gpt-5,2,1,3,2,0,0,0,0,1,1,8,Testing Prompt: 0.28519025542839904,,
291285,gpt-5,3,4,3,4,0,0,1,1,0,1,8,Testing Prompt: 0.28519025542839904,,
215108,gpt-5,4,3,4,4,0,0,1,0,1,1,8,Testing Prompt: 0.28519025542839904,,
184927,gpt-5,3,4,3,4,0,0,1,1,0,1,8,Testing Prompt: 0.28519025542839904,,
644531,gpt-5,2,3,3,3,0,0,0,0,0,1,8,Testing Prompt: 0.28519025542839904,,
543229,gpt-5,3,2,3,3,0,0,1,0,0,1,8,Testing Prompt: 0.28519025542839904,,
167524,gpt-5,2,1,3,2,0,0,0,0,0,1,8,Testing Prompt: 0.28519025542839904,,
503131,gpt-5,2,4,1,2,0,0,0,0,0,1,8,Testing Prompt: 0.28519025542839904,,
525710,gpt-5,3,4,3,4,1,0,1,1,1,1,8,Testing Prompt: 0.28519025542839904,,
632387,gpt-5,2,2,3,2,0,0,0,0,0,0,8,Testing Prompt: 0.28519025542839904,,
232366,gpt-5,3,3,1,3,0,0,1,0,0,0,8,Testing Prompt: 0.28519025542839904,,
588075,gpt-5,2,2,3,2,0,0,0,0,0,0,8,Testing Prompt: 0.28519025542839904,,
613126,gpt-5,4,4,3,4,0,0,1,0,0,1,8,Testing Prompt: 0.28519025542839904,,
601728,gpt-5,2,4,3,2,0,0,0,0,1,0,8,Testing Prompt: 0.28519025542839904,,
551252,gpt-5,2,2,4,3,0,0,0,1,1,1,8,Testing Prompt: 0.28519025542839904,,
238025,gpt-5,4,4,1,4,0,0,1,0,0,1,8,Testing Prompt: 0.28519025542839904,,
630563,gpt-5,2,3,3,2,0,0,0,0,0,1,8,Testing Prompt: 0.28519025542839904,,
225581,gpt-5,3,4,1,3,1,0,1,1,0,1,8,Testing Prompt: 0.28519025542839904,,
524784,gpt-5,3,1,3,4,0,0,1,0,0,1,8,Testing Prompt: 0.28519025542839904,,
615578,gpt-5,3,3,3,3,1,0,1,1,1,1,8,Testing Prompt: 0.28519025542839904,,
174997,gpt-5,2,1,3,2,0,0,0,1,0,0,8,Testing Prompt: 0.28519025542839904,,
216965,gpt-5,3,4,1,3,0,0,0,0,0,1,8,Testing Prompt: 0.28519025542839904,,
248731,gpt-5,2,3,4,2,0,0,0,0,1,1,8,Testing Prompt: 0.28519025542839904,,
528543,gpt-5,4,4,1,4,0,0,0,0,0,1,8,Testing Prompt: 0.28519025542839904,,
607920,gpt-5,2,1,1,3,0,0,0,0,0,1,8,Testing Prompt: 0.28519025542839904,,
215179,gpt-5,2,2,3,2,0,0,0,0,0,1,8,Testing Prompt: 0.28519025542839904,,
573597,gpt-5,4,4,1,4,0,0,1,0,1,1,8,Testing Prompt: 0.28519025542839904,,
274347,gpt-5,4,4,4,4,0,0,1,0,0,0,8,Testing Prompt: 0.28519025542839904,,
512243,gpt-5,3,2,4,2,0,0,0,0,0,1,8,Testing Prompt: 0.28519025542839904,,
244029,gpt-5,3,4,4,4,0,0,1,1,1,0,8,Testing Prompt: 0.28519025542839904,,
529099,gpt-5,2,2,3,2,0,0,0,0,1,0,8,Testing Prompt: 0.28519025542839904,,
217052,gpt-5,1,1,2,1,0,0,0,0,0,1,8,Testing Prompt: 0.28519025542839904,,